
USE [DungeonsAndDragonsDB]
GO

INSERT [dbo].[personality] ([Id], [Description]) VALUES (1, N'I idolize a particular hero of my faith, and constantly refer to that person’s deeds and example.')
GO

INSERT [dbo].[personality] ([Id], [Description]) VALUES (2, N'I can find common ground between the fiercest enemies, empathizing with them and always working toward peace.')
GO

INSERT [dbo].[personality] ([Id], [Description]) VALUES (3, N'I see omens in every event and action. The gods try to speak to us, we just need to listen.')
GO

INSERT [dbo].[personality] ([Id], [Description]) VALUES (4, N'Nothing can shake my optimistic attitude.')
GO

INSERT [dbo].[personality] ([Id], [Description]) VALUES (5, N'I quote (or misquote) sacred texts and proverbs in almost every situation.')
GO

INSERT [dbo].[personality] ([Id], [Description]) VALUES (6, N'	I am tolerant (or intolerant) of other faiths and respect (or condemn) the worship of other gods.')
GO

INSERT [dbo].[personality] ([Id], [Description]) VALUES (7, N'I’ve enjoyed fine food, drink, and high society among my temple’s elite. Rough living grates on me.')
GO

INSERT [dbo].[personality] ([Id], [Description]) VALUES (8, N'I’ve spent so long in the temple that I have little practical experience dealing with people in the outside world.')
GO

INSERT [dbo].[personality] ([Id], [Description]) VALUES (9, N'My eloquent flattery makes everyone I talk to feel like the most wonderful and important person in the world.')
GO

INSERT [dbo].[personality] ([Id], [Description]) VALUES (10, N'The common folk love me for my kindness and generosity.')
GO

INSERT [dbo].[personality] ([Id], [Description]) VALUES (11, N'No one could doubt by looking at my regal bearing that I am a cut above the unwashed masses.')
GO

INSERT [dbo].[personality] ([Id], [Description]) VALUES (12, N'I take great pains to always look my best and follow the latest fashions.')
GO

INSERT [dbo].[personality] ([Id], [Description]) VALUES (13, N'I don’t like to get my hands dirty, and I won’t be caught dead in unsuitable accommodations.')
GO

INSERT [dbo].[personality] ([Id], [Description]) VALUES (14, N'Despite my noble birth, I do not place myself above other folk. We all have the same blood.')
GO

INSERT [dbo].[personality] ([Id], [Description]) VALUES (15, N'My favor, once lost, is lost forever.')
GO

INSERT [dbo].[personality] ([Id], [Description]) VALUES (16, N'If you do me an injury, I will crush you, ruin your name, and salt your fields.')
GO

INSERT [dbo].[personality] ([Id], [Description]) VALUES (17, N'I’m always polite and respectful.')
GO

INSERT [dbo].[personality] ([Id], [Description]) VALUES (18, N'I’m haunted by memories of war. I can’t get the images of violence out of my mind.')
GO

INSERT [dbo].[personality] ([Id], [Description]) VALUES (19, N'I’ve lost too many friends, and I’m slow to make new ones.')
GO

INSERT [dbo].[personality] ([Id], [Description]) VALUES (20, N'I’m full of inspiring and cautionary tales from my military experience relevant to almost every combat situation.')
GO

INSERT [dbo].[personality] ([Id], [Description]) VALUES (21, N'I can stare down a hell hound without flinching.')
GO

INSERT [dbo].[personality] ([Id], [Description]) VALUES (22, N'I enjoy being strong and like breaking things.')
GO

INSERT [dbo].[personality] ([Id], [Description]) VALUES (23, N'I have a crude sense of humor.')
GO

INSERT [dbo].[personality] ([Id], [Description]) VALUES (24, N'I face problems head-on. A simple, direct solution is the best path to success.')
GO

INSERT [dbo].[personality] ([Id], [Description]) VALUES (25, N'I have different assumptions from those around me concerning personal space, blithely invading others'' space in innocence, or reacting to ignorant invasion of my own.')
GO

INSERT [dbo].[personality] ([Id], [Description]) VALUES (26, N'I have my own ideas about what is and is not food, and I find the eating habits of those around me fascinating, confusing, or revolting.')
GO

INSERT [dbo].[personality] ([Id], [Description]) VALUES (27, N'I have a strong code of honor or sense of propriety that others don''t comprehend.')
GO

INSERT [dbo].[personality] ([Id], [Description]) VALUES (28, N'I express affection or contempt in ways that are unfamiliar to others.')
GO

INSERT [dbo].[personality] ([Id], [Description]) VALUES (29, N'I honor my deities through practices that are foreign to this land .')
GO

INSERT [dbo].[personality] ([Id], [Description]) VALUES (30, N'I begin or end my day with small traditional rituals that are unfamiliar to those around me.')
GO

INSERT [dbo].[personality] ([Id], [Description]) VALUES (31, N'I tend to approach conversation with people I''ve just met as though it were an interrogation.')
GO

INSERT [dbo].[personality] ([Id], [Description]) VALUES (32, N'I project arrogance and conceit at times, especially after turning in a troublesome target.')
GO

INSERT [dbo].[personality] ([Id], [Description]) VALUES (33, N'I''ll accept the help of others with a bounty, so long as they can prove their skill to me first.')
GO

INSERT [dbo].[personality] ([Id], [Description]) VALUES (34, N'It needn''t be hunting down a mark - I''ll chop firewood for an old woman if there''s pay involved.')
GO

INSERT [dbo].[personality] ([Id], [Description]) VALUES (35, N'I''m not prone to idle chatter, and prefer keeping to myself unless the topic''s business.')
GO

INSERT [dbo].[personality] ([Id], [Description]) VALUES (36, N'I''ve a great deal of practical experience from hunting bounties, and can relate to almost any situation.')
GO

INSERT [dbo].[personality] ([Id], [Description]) VALUES (37, N'I''m rather adept at games of skill like darts, or five-finger fillet.')
GO

INSERT [dbo].[personality] ([Id], [Description]) VALUES (38, N'I frequently move from town to town, eager to pursue new marks and seek new contacts.')
GO

INSERT [dbo].[personality] ([Id], [Description]) VALUES (39, N'I hide scraps of food and trinkets away in my pockets.')
GO

INSERT [dbo].[personality] ([Id], [Description]) VALUES (40, N'I ask a lot of questions.')
GO

INSERT [dbo].[personality] ([Id], [Description]) VALUES (41, N'I like to squeeze into small places where no one else can get to me.')
GO

INSERT [dbo].[personality] ([Id], [Description]) VALUES (42, N'I sleep with my back to a wall or tree, with everything I own wrapped in a bundle in my arms.')
GO

INSERT [dbo].[personality] ([Id], [Description]) VALUES (43, N'I eat like a pig and have bad manners.')
GO

INSERT [dbo].[personality] ([Id], [Description]) VALUES (44, N'I think anyone who''s nice to me is hiding evil intent.')
GO

INSERT [dbo].[personality] ([Id], [Description]) VALUES (45, N'I don''t like to bathe.')
GO

INSERT [dbo].[personality] ([Id], [Description]) VALUES (46, N'I bluntly say what other people are hinting at or hiding.')
GO

INSERT [dbo].[personality] ([Id], [Description]) VALUES (47, N'My friends know they can rely on me, no matter what.')
GO

INSERT [dbo].[personality] ([Id], [Description]) VALUES (48, N'I work hard so that I can play hard when the work is done.')
GO

INSERT [dbo].[personality] ([Id], [Description]) VALUES (49, N'I enjoy sailing into new ports and making new friends over a flagon of ale.')
GO

INSERT [dbo].[personality] ([Id], [Description]) VALUES (50, N'I stretch the truth for the sake of a good story.')
GO

INSERT [dbo].[personality] ([Id], [Description]) VALUES (51, N'To me, a tavern brawl is a nice way to get to know a new city.')
GO

INSERT [dbo].[personality] ([Id], [Description]) VALUES (52, N'I never pass up a friendly wager.')
GO

INSERT [dbo].[personality] ([Id], [Description]) VALUES (53, N'My language is as foul as an otyugh nest.')
GO

INSERT [dbo].[personality] ([Id], [Description]) VALUES (54, N'I like a job well done, especially if I can convince someone else to do it.')
GO

INSERT [dbo].[personality] ([Id], [Description]) VALUES (55, N'I use polysyllabic words that convey the impression of great erudition.')
GO

INSERT [dbo].[personality] ([Id], [Description]) VALUES (56, N'I''ve read every book in the world''s greatest libraries — or I like to boast that I have.')
GO

INSERT [dbo].[personality] ([Id], [Description]) VALUES (57, N'I''m used to helping out those who aren''t as smart as I am, and I patiently explain anything and everything to others.')
GO

INSERT [dbo].[personality] ([Id], [Description]) VALUES (58, N'	There''s nothing I like more than a good mystery.')
GO

INSERT [dbo].[personality] ([Id], [Description]) VALUES (59, N'I''m willing to listen to every side of an argument before I make my own judgment.')
GO

INSERT [dbo].[personality] ([Id], [Description]) VALUES (60, N'I … speak … slowly … when talking … to idiots, … which … almost … everyone … is … compared … to me.')
GO

INSERT [dbo].[personality] ([Id], [Description]) VALUES (61, N'I am horribly, horribly awkward in social situations.')
GO

INSERT [dbo].[personality] ([Id], [Description]) VALUES (62, N'I''m convinced that people are always trying to steal my secrets.')
GO

INSERT [dbo].[personality] ([Id], [Description]) VALUES (63, N'I''m driven by a wanderlust that led me away from home.')
GO

INSERT [dbo].[personality] ([Id], [Description]) VALUES (64, N'I watch over my friends as if they were a litter of newborn pups.')
GO

INSERT [dbo].[personality] ([Id], [Description]) VALUES (65, N'I once ran twenty-five miles without stopping to warn to my clan of an approaching orc horde. I''d do it again if I had to.')
GO

INSERT [dbo].[personality] ([Id], [Description]) VALUES (66, N'I have a lesson for every situation, drawn from observing nature.')
GO

INSERT [dbo].[personality] ([Id], [Description]) VALUES (67, N'I place no stock in wealthy or well-mannered folk. Money and manners won''t save you from a hungry owlbear.')
GO

INSERT [dbo].[personality] ([Id], [Description]) VALUES (68, N'	I''m always picking things up, absently fiddling with them, and sometimes accidentally breaking them.')
GO

INSERT [dbo].[personality] ([Id], [Description]) VALUES (69, N'	I feel far more comfortable around animals than people.')
GO

INSERT [dbo].[personality] ([Id], [Description]) VALUES (70, N'I was, in fact, raised by wolves.')
GO

INSERT [dbo].[personality] ([Id], [Description]) VALUES (71, N'I''ve been isolated for so long that I rarely speak, preferring gestures and the occasional grunt.')
GO

INSERT [dbo].[personality] ([Id], [Description]) VALUES (72, N'I am utterly serene, even in the face of disaster.')
GO

INSERT [dbo].[personality] ([Id], [Description]) VALUES (73, N'The leader of my community had something wise to say on every topic, and I am eager to share that wisdom.')
GO

INSERT [dbo].[personality] ([Id], [Description]) VALUES (74, N'I feel tremendous empathy for all who suffer.')
GO

INSERT [dbo].[personality] ([Id], [Description]) VALUES (75, N'I''m oblivious to etiquette and social expectations.')
GO

INSERT [dbo].[personality] ([Id], [Description]) VALUES (76, N'I connect everything that happens to me to a grand, cosmic plan.')
GO

INSERT [dbo].[personality] ([Id], [Description]) VALUES (77, N'I often get lost in my own thoughts and contemplation, becoming oblivious to my surroundings.')
GO

INSERT [dbo].[personality] ([Id], [Description]) VALUES (78, N'I am working on a grand philosophical theory and love sharing my ideas.')
GO

INSERT [dbo].[personality] ([Id], [Description]) VALUES (79, N'I believe that anything worth doing is worth doing right. I can''t help it — I''m a perfectionist.')
GO

INSERT [dbo].[personality] ([Id], [Description]) VALUES (80, N'I''m a snob who looks down on those who can''t appreciate fine art.')
GO

INSERT [dbo].[personality] ([Id], [Description]) VALUES (81, N'I always want to know how things work and what makes people tick.')
GO

INSERT [dbo].[personality] ([Id], [Description]) VALUES (82, N'I''m full of witty aphorisms and have a proverb for every occasion.')
GO

INSERT [dbo].[personality] ([Id], [Description]) VALUES (83, N'I''m rude to people who lack my commitment to hard work and fair play.')
GO

INSERT [dbo].[personality] ([Id], [Description]) VALUES (84, N'I like to talk at length about my profession.')
GO

INSERT [dbo].[personality] ([Id], [Description]) VALUES (85, N'I don''t part with my money easily and will haggle tirelessly to get the best deal possible.')
GO

INSERT [dbo].[personality] ([Id], [Description]) VALUES (86, N'I''m well known for my work, and I want to make sure everyone appreciates it. I''m always taken aback when people haven''t heard of me.
')
GO

INSERT [dbo].[personality] ([Id], [Description]) VALUES (87, N'I judge people by their actions, not their words.')
GO

INSERT [dbo].[personality] ([Id], [Description]) VALUES (88, N'If someone is in trouble, I''m always ready to lend help.')
GO

INSERT [dbo].[personality] ([Id], [Description]) VALUES (89, N'When I set my mind to something, I follow through no matter what gets in my way.')
GO

INSERT [dbo].[personality] ([Id], [Description]) VALUES (90, N'I have a strong sense of fair play and always try to find the most equitable solution to arguments.')
GO

INSERT [dbo].[personality] ([Id], [Description]) VALUES (91, N'I''m confident in my own abilities and do what I can to instill confidence in others.')
GO

INSERT [dbo].[personality] ([Id], [Description]) VALUES (92, N'Thinking is for other people. I prefer action.')
GO

INSERT [dbo].[personality] ([Id], [Description]) VALUES (93, N'I misuse long words in an attempt to sound smarter.')
GO

INSERT [dbo].[personality] ([Id], [Description]) VALUES (94, N'I get bored easily. When am I going to get on with my destiny?')
GO

INSERT [dbo].[personality] ([Id], [Description]) VALUES (95, N'I know a story relevant to almost every situation.')
GO

INSERT [dbo].[personality] ([Id], [Description]) VALUES (96, N'Whenever I come to a new place, I collect local rumors and spread gossip.')
GO

INSERT [dbo].[personality] ([Id], [Description]) VALUES (97, N'I''m a hopeless romantic, always searching for that "special someone."')
GO

INSERT [dbo].[personality] ([Id], [Description]) VALUES (98, N'Nobody stays angry at me or around me for long, since I can defuse any amount of tension.')
GO

INSERT [dbo].[personality] ([Id], [Description]) VALUES (99, N'I love a good insult, even one directed at me.')
GO

INSERT [dbo].[personality] ([Id], [Description]) VALUES (100, N'I get bitter if I''m not the center of attention.')
GO

INSERT [dbo].[personality] ([Id], [Description]) VALUES (101, N'I''ll settle for nothing less than perfection.')
GO

INSERT [dbo].[personality] ([Id], [Description]) VALUES (102, N'I change my mood or my mind as quickly as I change key in a song.')
GO

INSERT [dbo].[personality] ([Id], [Description]) VALUES (103, N'I always have a plan for what to do when things go wrong.')
GO

INSERT [dbo].[personality] ([Id], [Description]) VALUES (104, N'I am always calm, no matter what the situation. I never raise my voice or let my emotions control me.')
GO

INSERT [dbo].[personality] ([Id], [Description]) VALUES (105, N'The first things to do in a new place is note the locations of everything valuable — or where such things could be hidden.')
GO

INSERT [dbo].[personality] ([Id], [Description]) VALUES (106, N'I would rather make a new friend than a new enemy.')
GO

INSERT [dbo].[personality] ([Id], [Description]) VALUES (107, N'I am incredibly slow to trust. Those who seem the fairest often have the most to hide.')
GO

INSERT [dbo].[personality] ([Id], [Description]) VALUES (108, N'I don''t pay attention to the risks in a situation. Never tell me the odds.')
GO

INSERT [dbo].[personality] ([Id], [Description]) VALUES (109, N'The best way to get me to do something is to tell me I can''t do it.')
GO

INSERT [dbo].[personality] ([Id], [Description]) VALUES (110, N'I blow up at the slightest insult.')
GO

INSERT [dbo].[bgTypePersonality] ([TypeId], [PersonalityId]) VALUES (1, 1)
GO

INSERT [dbo].[bgTypePersonality] ([TypeId], [PersonalityId]) VALUES (1, 2)
GO

INSERT [dbo].[bgTypePersonality] ([TypeId], [PersonalityId]) VALUES (1, 3)
GO

INSERT [dbo].[bgTypePersonality] ([TypeId], [PersonalityId]) VALUES (1, 4)
GO

INSERT [dbo].[bgTypePersonality] ([TypeId], [PersonalityId]) VALUES (1, 5)
GO

INSERT [dbo].[bgTypePersonality] ([TypeId], [PersonalityId]) VALUES (1, 6)
GO

INSERT [dbo].[bgTypePersonality] ([TypeId], [PersonalityId]) VALUES (1, 7)
GO

INSERT [dbo].[bgTypePersonality] ([TypeId], [PersonalityId]) VALUES (1, 8)
GO

INSERT [dbo].[bgTypePersonality] ([TypeId], [PersonalityId]) VALUES (2, 9)
GO

INSERT [dbo].[bgTypePersonality] ([TypeId], [PersonalityId]) VALUES (2, 10)
GO

INSERT [dbo].[bgTypePersonality] ([TypeId], [PersonalityId]) VALUES (2, 11)
GO

INSERT [dbo].[bgTypePersonality] ([TypeId], [PersonalityId]) VALUES (2, 12)
GO

INSERT [dbo].[bgTypePersonality] ([TypeId], [PersonalityId]) VALUES (2, 13)
GO

INSERT [dbo].[bgTypePersonality] ([TypeId], [PersonalityId]) VALUES (2, 14)
GO

INSERT [dbo].[bgTypePersonality] ([TypeId], [PersonalityId]) VALUES (2, 15)
GO

INSERT [dbo].[bgTypePersonality] ([TypeId], [PersonalityId]) VALUES (2, 16)
GO

INSERT [dbo].[bgTypePersonality] ([TypeId], [PersonalityId]) VALUES (3, 17)
GO

INSERT [dbo].[bgTypePersonality] ([TypeId], [PersonalityId]) VALUES (3, 18)
GO

INSERT [dbo].[bgTypePersonality] ([TypeId], [PersonalityId]) VALUES (3, 19)
GO

INSERT [dbo].[bgTypePersonality] ([TypeId], [PersonalityId]) VALUES (3, 20)
GO

INSERT [dbo].[bgTypePersonality] ([TypeId], [PersonalityId]) VALUES (3, 21)
GO

INSERT [dbo].[bgTypePersonality] ([TypeId], [PersonalityId]) VALUES (3, 22)
GO

INSERT [dbo].[bgTypePersonality] ([TypeId], [PersonalityId]) VALUES (3, 23)
GO

INSERT [dbo].[bgTypePersonality] ([TypeId], [PersonalityId]) VALUES (3, 24)
GO

INSERT [dbo].[bgTypePersonality] ([TypeId], [PersonalityId]) VALUES (4, 25)
GO

INSERT [dbo].[bgTypePersonality] ([TypeId], [PersonalityId]) VALUES (4, 26)
GO

INSERT [dbo].[bgTypePersonality] ([TypeId], [PersonalityId]) VALUES (4, 27)
GO

INSERT [dbo].[bgTypePersonality] ([TypeId], [PersonalityId]) VALUES (4, 28)
GO

INSERT [dbo].[bgTypePersonality] ([TypeId], [PersonalityId]) VALUES (4, 29)
GO

INSERT [dbo].[bgTypePersonality] ([TypeId], [PersonalityId]) VALUES (4, 30)
GO

INSERT [dbo].[bgTypePersonality] ([TypeId], [PersonalityId]) VALUES (5, 31)
GO

INSERT [dbo].[bgTypePersonality] ([TypeId], [PersonalityId]) VALUES (5, 32)
GO

INSERT [dbo].[bgTypePersonality] ([TypeId], [PersonalityId]) VALUES (5, 33)
GO

INSERT [dbo].[bgTypePersonality] ([TypeId], [PersonalityId]) VALUES (5, 34)
GO

INSERT [dbo].[bgTypePersonality] ([TypeId], [PersonalityId]) VALUES (5, 35)
GO

INSERT [dbo].[bgTypePersonality] ([TypeId], [PersonalityId]) VALUES (5, 36)
GO

INSERT [dbo].[bgTypePersonality] ([TypeId], [PersonalityId]) VALUES (5, 37)
GO

INSERT [dbo].[bgTypePersonality] ([TypeId], [PersonalityId]) VALUES (5, 38)
GO

INSERT [dbo].[bgTypePersonality] ([TypeId], [PersonalityId]) VALUES (6, 39)
GO

INSERT [dbo].[bgTypePersonality] ([TypeId], [PersonalityId]) VALUES (6, 40)
GO

INSERT [dbo].[bgTypePersonality] ([TypeId], [PersonalityId]) VALUES (6, 41)
GO

INSERT [dbo].[bgTypePersonality] ([TypeId], [PersonalityId]) VALUES (6, 42)
GO

INSERT [dbo].[bgTypePersonality] ([TypeId], [PersonalityId]) VALUES (6, 43)
GO

INSERT [dbo].[bgTypePersonality] ([TypeId], [PersonalityId]) VALUES (6, 44)
GO

INSERT [dbo].[bgTypePersonality] ([TypeId], [PersonalityId]) VALUES (6, 45)
GO

INSERT [dbo].[bgTypePersonality] ([TypeId], [PersonalityId]) VALUES (6, 46)
GO

INSERT [dbo].[bgTypePersonality] ([TypeId], [PersonalityId]) VALUES (7, 47)
GO

INSERT [dbo].[bgTypePersonality] ([TypeId], [PersonalityId]) VALUES (7, 48)
GO

INSERT [dbo].[bgTypePersonality] ([TypeId], [PersonalityId]) VALUES (7, 49)
GO

INSERT [dbo].[bgTypePersonality] ([TypeId], [PersonalityId]) VALUES (7, 50)
GO

INSERT [dbo].[bgTypePersonality] ([TypeId], [PersonalityId]) VALUES (7, 51)
GO

INSERT [dbo].[bgTypePersonality] ([TypeId], [PersonalityId]) VALUES (7, 52)
GO

INSERT [dbo].[bgTypePersonality] ([TypeId], [PersonalityId]) VALUES (7, 53)
GO

INSERT [dbo].[bgTypePersonality] ([TypeId], [PersonalityId]) VALUES (7, 54)
GO

INSERT [dbo].[bgTypePersonality] ([TypeId], [PersonalityId]) VALUES (8, 55)
GO

INSERT [dbo].[bgTypePersonality] ([TypeId], [PersonalityId]) VALUES (8, 56)
GO

INSERT [dbo].[bgTypePersonality] ([TypeId], [PersonalityId]) VALUES (8, 57)
GO

INSERT [dbo].[bgTypePersonality] ([TypeId], [PersonalityId]) VALUES (8, 58)
GO

INSERT [dbo].[bgTypePersonality] ([TypeId], [PersonalityId]) VALUES (8, 59)
GO

INSERT [dbo].[bgTypePersonality] ([TypeId], [PersonalityId]) VALUES (8, 60)
GO

INSERT [dbo].[bgTypePersonality] ([TypeId], [PersonalityId]) VALUES (8, 61)
GO

INSERT [dbo].[bgTypePersonality] ([TypeId], [PersonalityId]) VALUES (8, 62)
GO

INSERT [dbo].[bgTypePersonality] ([TypeId], [PersonalityId]) VALUES (9, 63)
GO

INSERT [dbo].[bgTypePersonality] ([TypeId], [PersonalityId]) VALUES (9, 64)
GO

INSERT [dbo].[bgTypePersonality] ([TypeId], [PersonalityId]) VALUES (9, 65)
GO

INSERT [dbo].[bgTypePersonality] ([TypeId], [PersonalityId]) VALUES (9, 66)
GO

INSERT [dbo].[bgTypePersonality] ([TypeId], [PersonalityId]) VALUES (9, 67)
GO

INSERT [dbo].[bgTypePersonality] ([TypeId], [PersonalityId]) VALUES (9, 68)
GO

INSERT [dbo].[bgTypePersonality] ([TypeId], [PersonalityId]) VALUES (9, 69)
GO

INSERT [dbo].[bgTypePersonality] ([TypeId], [PersonalityId]) VALUES (9, 70)
GO

INSERT [dbo].[bgTypePersonality] ([TypeId], [PersonalityId]) VALUES (10, 71)
GO

INSERT [dbo].[bgTypePersonality] ([TypeId], [PersonalityId]) VALUES (10, 72)
GO

INSERT [dbo].[bgTypePersonality] ([TypeId], [PersonalityId]) VALUES (10, 73)
GO

INSERT [dbo].[bgTypePersonality] ([TypeId], [PersonalityId]) VALUES (10, 74)
GO

INSERT [dbo].[bgTypePersonality] ([TypeId], [PersonalityId]) VALUES (10, 75)
GO

INSERT [dbo].[bgTypePersonality] ([TypeId], [PersonalityId]) VALUES (10, 76)
GO

INSERT [dbo].[bgTypePersonality] ([TypeId], [PersonalityId]) VALUES (10, 77)
GO

INSERT [dbo].[bgTypePersonality] ([TypeId], [PersonalityId]) VALUES (10, 78)
GO

INSERT [dbo].[bgTypePersonality] ([TypeId], [PersonalityId]) VALUES (11, 79)
GO

INSERT [dbo].[bgTypePersonality] ([TypeId], [PersonalityId]) VALUES (11, 80)
GO

INSERT [dbo].[bgTypePersonality] ([TypeId], [PersonalityId]) VALUES (11, 81)
GO

INSERT [dbo].[bgTypePersonality] ([TypeId], [PersonalityId]) VALUES (11, 82)
GO

INSERT [dbo].[bgTypePersonality] ([TypeId], [PersonalityId]) VALUES (11, 83)
GO

INSERT [dbo].[bgTypePersonality] ([TypeId], [PersonalityId]) VALUES (11, 84)
GO

INSERT [dbo].[bgTypePersonality] ([TypeId], [PersonalityId]) VALUES (11, 85)
GO

INSERT [dbo].[bgTypePersonality] ([TypeId], [PersonalityId]) VALUES (11, 86)
GO

INSERT [dbo].[bgTypePersonality] ([TypeId], [PersonalityId]) VALUES (12, 87)
GO

INSERT [dbo].[bgTypePersonality] ([TypeId], [PersonalityId]) VALUES (12, 88)
GO

INSERT [dbo].[bgTypePersonality] ([TypeId], [PersonalityId]) VALUES (12, 89)
GO

INSERT [dbo].[bgTypePersonality] ([TypeId], [PersonalityId]) VALUES (12, 90)
GO

INSERT [dbo].[bgTypePersonality] ([TypeId], [PersonalityId]) VALUES (12, 91)
GO

INSERT [dbo].[bgTypePersonality] ([TypeId], [PersonalityId]) VALUES (12, 92)
GO

INSERT [dbo].[bgTypePersonality] ([TypeId], [PersonalityId]) VALUES (12, 93)
GO

INSERT [dbo].[bgTypePersonality] ([TypeId], [PersonalityId]) VALUES (12, 94)
GO

INSERT [dbo].[bgTypePersonality] ([TypeId], [PersonalityId]) VALUES (13, 95)
GO

INSERT [dbo].[bgTypePersonality] ([TypeId], [PersonalityId]) VALUES (13, 96)
GO

INSERT [dbo].[bgTypePersonality] ([TypeId], [PersonalityId]) VALUES (13, 97)
GO

INSERT [dbo].[bgTypePersonality] ([TypeId], [PersonalityId]) VALUES (13, 98)
GO

INSERT [dbo].[bgTypePersonality] ([TypeId], [PersonalityId]) VALUES (13, 99)
GO

INSERT [dbo].[bgTypePersonality] ([TypeId], [PersonalityId]) VALUES (13, 100)
GO

INSERT [dbo].[bgTypePersonality] ([TypeId], [PersonalityId]) VALUES (13, 101)
GO

INSERT [dbo].[bgTypePersonality] ([TypeId], [PersonalityId]) VALUES (13, 102)
GO

INSERT [dbo].[bgTypePersonality] ([TypeId], [PersonalityId]) VALUES (14, 103)
GO

INSERT [dbo].[bgTypePersonality] ([TypeId], [PersonalityId]) VALUES (14, 104)
GO

INSERT [dbo].[bgTypePersonality] ([TypeId], [PersonalityId]) VALUES (14, 105)
GO

INSERT [dbo].[bgTypePersonality] ([TypeId], [PersonalityId]) VALUES (14, 106)
GO

INSERT [dbo].[bgTypePersonality] ([TypeId], [PersonalityId]) VALUES (14, 107)
GO

INSERT [dbo].[bgTypePersonality] ([TypeId], [PersonalityId]) VALUES (14, 108)
GO

INSERT [dbo].[bgTypePersonality] ([TypeId], [PersonalityId]) VALUES (14, 109)
GO

INSERT [dbo].[bgTypePersonality] ([TypeId], [PersonalityId]) VALUES (14, 110)
GO

INSERT [dbo].[ideal] ([Id], [Description]) VALUES (1, N'Tradition. The ancient traditions of worship and sacrifice must be preserved and upheld. (Lawful)')
GO

INSERT [dbo].[ideal] ([Id], [Description]) VALUES (2, N'Charity. I always try to help those in need, no matter what the personal cost. (Good)')
GO

INSERT [dbo].[ideal] ([Id], [Description]) VALUES (3, N'Change. We must help bring about the changes the gods are constantly working in the world. (Chaotic)')
GO

INSERT [dbo].[ideal] ([Id], [Description]) VALUES (4, N'Power. I hope to one day rise to the top of my faith’s religious hierarchy. (Lawful)')
GO

INSERT [dbo].[ideal] ([Id], [Description]) VALUES (5, N'Faith. I trust that my deity will guide my actions. I have faith that if I work hard, things will go well. (Lawful)')
GO

INSERT [dbo].[ideal] ([Id], [Description]) VALUES (6, N'Aspiration. I seek to prove myself worthy of my god’s favor by matching my actions against his or her teachings. (Any)')
GO

INSERT [dbo].[ideal] ([Id], [Description]) VALUES (7, N'Respect. Respect is due to me because of my position, but all people regardless of station deserve to be treated with dignity. (Good)')
GO

INSERT [dbo].[ideal] ([Id], [Description]) VALUES (8, N'Responsibility. It is my duty to respect the authority of those above me, just as those below me must respect mine. (Lawful)')
GO

INSERT [dbo].[ideal] ([Id], [Description]) VALUES (9, N'Independence. I must prove that I can handle myself without the coddling of my family. (Chaotic)')
GO

INSERT [dbo].[ideal] ([Id], [Description]) VALUES (10, N'Power. If I can attain more power, no one will tell me what to do. (Evil)')
GO

INSERT [dbo].[ideal] ([Id], [Description]) VALUES (11, N'Family. Blood runs thicker than water. (Any)')
GO

INSERT [dbo].[ideal] ([Id], [Description]) VALUES (12, N'Noble Obligation. It is my duty to protect and care for the people beneath me. (Good)')
GO

INSERT [dbo].[ideal] ([Id], [Description]) VALUES (13, N'Greater Good. Our lot is to lay down our lives in defense of others. (Good)')
GO

INSERT [dbo].[ideal] ([Id], [Description]) VALUES (14, N'Responsibility. I do what I must and obey just authority. (Lawful)')
GO

INSERT [dbo].[ideal] ([Id], [Description]) VALUES (15, N'Independence. When people follow orders blindly, they embrace a kind of tyranny. (Chaotic)')
GO

INSERT [dbo].[ideal] ([Id], [Description]) VALUES (16, N'Might. In life as in war, the stronger force wins. (Evil)')
GO

INSERT [dbo].[ideal] ([Id], [Description]) VALUES (17, N'Live and Let Live. Ideals aren’t worth killing over or going to war for. (Neutral)')
GO

INSERT [dbo].[ideal] ([Id], [Description]) VALUES (18, N'Nation. My city, nation, or people are all that matter. (Any)')
GO

INSERT [dbo].[ideal] ([Id], [Description]) VALUES (19, N'Open. I have much to learn from the kindly folk I meet along my way. (Good)')
GO

INSERT [dbo].[ideal] ([Id], [Description]) VALUES (20, N'Reserved. As someone new to these strange lands, I am cautious and respectful in my dealings. (Lawful)')
GO

INSERT [dbo].[ideal] ([Id], [Description]) VALUES (21, N'Adventure. I''m far from home, and everything is strange and wonderful! (Chaotic)')
GO

INSERT [dbo].[ideal] ([Id], [Description]) VALUES (22, N'Cunning. Though I may not know their ways, neither do they know mine, which can be to my advantage. (Evil)')
GO

INSERT [dbo].[ideal] ([Id], [Description]) VALUES (23, N'Inquisitive. Everything is new, but I have a thirst to learn. (Neutral)')
GO

INSERT [dbo].[ideal] ([Id], [Description]) VALUES (24, N'Suspicious. I must be careful, for I have no way of telling friend from foe here. (Any)')
GO

INSERT [dbo].[ideal] ([Id], [Description]) VALUES (25, N'Justice These people have violated the law once. I won''t let it happen twice. (Lawful)')
GO

INSERT [dbo].[ideal] ([Id], [Description]) VALUES (26, N'Wealth The only path to true freedom is having gold enough to do as you will. (Chaotic)')
GO

INSERT [dbo].[ideal] ([Id], [Description]) VALUES (27, N'Brutality Gold pales to the brilliance of the life draining from their eyes. (Evil)')
GO

INSERT [dbo].[ideal] ([Id], [Description]) VALUES (28, N'Morality It''s not enough to hunt them down. They have to understand what they''ve done is reprehensible. (Good)')
GO

INSERT [dbo].[ideal] ([Id], [Description]) VALUES (29, N'Ambiguity This job''s just a job, like any other. Nothing personal against my targets. (Neutral)')
GO

INSERT [dbo].[ideal] ([Id], [Description]) VALUES (30, N'Endurance In no other line of work could anyone expect to test their limits so completely. (Any)')
GO

INSERT [dbo].[ideal] ([Id], [Description]) VALUES (31, N'Respect. All people, rich or poor, deserve respect. (Good)')
GO

INSERT [dbo].[ideal] ([Id], [Description]) VALUES (32, N'Community. We have to take care of each other, because no one else is going to do it. (Lawful)')
GO

INSERT [dbo].[ideal] ([Id], [Description]) VALUES (33, N'Change. The low are lifted up, and the high and mighty are brought down. Change is the nature of things. (Chaotic)')
GO

INSERT [dbo].[ideal] ([Id], [Description]) VALUES (34, N'Retribution. The rich need to be shown what life and death are like in the gutters. (Evil)')
GO

INSERT [dbo].[ideal] ([Id], [Description]) VALUES (35, N'People. I help the people who help me — that''s what keeps us alive. (Neutral)')
GO

INSERT [dbo].[ideal] ([Id], [Description]) VALUES (36, N'Aspiration. I''m going to prove that I''m worthy of a better life.')
GO

INSERT [dbo].[ideal] ([Id], [Description]) VALUES (37, N'Respect. The thing that keeps a ship together is mutual respect between captain and crew. (Good)')
GO

INSERT [dbo].[ideal] ([Id], [Description]) VALUES (38, N'Fairness. We all do the work, so we all share in the rewards. (Lawful)')
GO

INSERT [dbo].[ideal] ([Id], [Description]) VALUES (39, N'Freedom. The sea is freedom — the freedom to go anywhere and do anything. (Chaotic)')
GO

INSERT [dbo].[ideal] ([Id], [Description]) VALUES (40, N'Mastery. I''m a predator, and the other ships on the sea are my prey. (Evil)')
GO

INSERT [dbo].[ideal] ([Id], [Description]) VALUES (41, N'People. I''m committed to my crewmates, not to ideals. (Neutral)')
GO

INSERT [dbo].[ideal] ([Id], [Description]) VALUES (42, N'Aspiration. Someday I''ll own my own ship and chart my own destiny. (Any)')
GO

INSERT [dbo].[ideal] ([Id], [Description]) VALUES (43, N'Knowledge. The path to power and self-improvement is through knowledge. (Neutral)')
GO

INSERT [dbo].[ideal] ([Id], [Description]) VALUES (44, N'Beauty. What is beautiful points us beyond itself toward what is true. (Good)')
GO

INSERT [dbo].[ideal] ([Id], [Description]) VALUES (45, N'Logic. Emotions must not cloud our logical thinking. (Lawful)')
GO

INSERT [dbo].[ideal] ([Id], [Description]) VALUES (46, N'No Limits. Nothing should fetter the infinite possibility inherent in all existence. (Chaotic)')
GO

INSERT [dbo].[ideal] ([Id], [Description]) VALUES (47, N'Power. Knowledge is the path to power and domination. (Evil)')
GO

INSERT [dbo].[ideal] ([Id], [Description]) VALUES (48, N'Self-Improvement. The goal of a life of study is the betterment of oneself. (Any)')
GO

INSERT [dbo].[ideal] ([Id], [Description]) VALUES (49, N'Change. Life is like the seasons, in constant change, and we must change with it. (Chaotic)')
GO

INSERT [dbo].[ideal] ([Id], [Description]) VALUES (50, N'Greater Good. It is each person''s responsibility to make the most happiness for the whole tribe. (Good)')
GO

INSERT [dbo].[ideal] ([Id], [Description]) VALUES (51, N'Honor. If I dishonor myself, I dishonor my whole clan. (Lawful)')
GO

INSERT [dbo].[ideal] ([Id], [Description]) VALUES (52, N'Might. The strongest are meant to rule. (Evil)')
GO

INSERT [dbo].[ideal] ([Id], [Description]) VALUES (53, N'Nature. The natural world is more important than all the constructs of civilization. (Neutral)')
GO

INSERT [dbo].[ideal] ([Id], [Description]) VALUES (54, N'Glory. I must earn glory in battle, for myself and my clan. (Any)')
GO

INSERT [dbo].[ideal] ([Id], [Description]) VALUES (55, N'Greater Good. My gifts are meant to be shared with all, not used for my own benefit. (Good)')
GO

INSERT [dbo].[ideal] ([Id], [Description]) VALUES (56, N'Logic. Emotions must not cloud our sense of what is right and true, or our logical thinking. (Lawful)')
GO

INSERT [dbo].[ideal] ([Id], [Description]) VALUES (57, N'Free Thinking. Inquiry and curiosity are the pillars of progress. (Chaotic)')
GO

INSERT [dbo].[ideal] ([Id], [Description]) VALUES (58, N'Power. Solitude and contemplation are paths toward mystical or magical power. (Evil)')
GO

INSERT [dbo].[ideal] ([Id], [Description]) VALUES (59, N'Live and Let Live. Meddling in the affairs of others only causes trouble. (Neutral)')
GO

INSERT [dbo].[ideal] ([Id], [Description]) VALUES (60, N'Self-Knowledge. If you know yourself, there''s nothing left to know. (Any)')
GO

INSERT [dbo].[ideal] ([Id], [Description]) VALUES (61, N'Community. It is the duty of all civilized people to strengthen the bonds of community and the security of civilization. (Lawful)')
GO

INSERT [dbo].[ideal] ([Id], [Description]) VALUES (62, N'Generosity. My talents were given to me so that I could use them to benefit the world. (Good)
')
GO

INSERT [dbo].[ideal] ([Id], [Description]) VALUES (63, N'Freedom. Everyone should be free to pursue his or her own livelihood. (Chaotic)')
GO

INSERT [dbo].[ideal] ([Id], [Description]) VALUES (64, N'Greed. I''m only in it for the money. (Evil)')
GO

INSERT [dbo].[ideal] ([Id], [Description]) VALUES (65, N'People. I''m committed to the people I care about, not to ideals. (Neutral)')
GO

INSERT [dbo].[ideal] ([Id], [Description]) VALUES (66, N'Aspiration. I work hard to be the best there is at my craft.')
GO

INSERT [dbo].[ideal] ([Id], [Description]) VALUES (67, N'Respect. People deserve to be treated with dignity and respect. (Good)')
GO

INSERT [dbo].[ideal] ([Id], [Description]) VALUES (68, N'Fairness. No one should get preferential treatment before the law, and no one is above the law. (Lawful)')
GO

INSERT [dbo].[ideal] ([Id], [Description]) VALUES (69, N'Freedom. Tyrants must not be allowed to oppress the people. (Chaotic)')
GO

INSERT [dbo].[ideal] ([Id], [Description]) VALUES (70, N'Might. If I become strong, I can take what I want — what I deserve. (Evil)')
GO

INSERT [dbo].[ideal] ([Id], [Description]) VALUES (71, N'Sincerity. There''s no good in pretending to be something I''m not. (Neutral)')
GO

INSERT [dbo].[ideal] ([Id], [Description]) VALUES (72, N'Destiny. Nothing and no one can steer me away from my higher calling. (Any)')
GO

INSERT [dbo].[ideal] ([Id], [Description]) VALUES (73, N'Beauty. When I perform, I make the world better than it was. (Good)')
GO

INSERT [dbo].[ideal] ([Id], [Description]) VALUES (74, N'Tradition. The stories, legends, and songs of the past must never be forgotten, for they teach us who we are. (Lawful)')
GO

INSERT [dbo].[ideal] ([Id], [Description]) VALUES (75, N'Creativity. The world is in need of new ideas and bold action. (Chaotic)')
GO

INSERT [dbo].[ideal] ([Id], [Description]) VALUES (76, N'Greed. I''m only in it for the money and fame. (Evil)')
GO

INSERT [dbo].[ideal] ([Id], [Description]) VALUES (77, N'People. I like seeing the smiles on people''s faces when I perform. That''s all that matters. (Neutral)')
GO

INSERT [dbo].[ideal] ([Id], [Description]) VALUES (78, N'Honesty. Art should reflect the soul; it should come from within and reveal who we really are. (Any)')
GO

INSERT [dbo].[ideal] ([Id], [Description]) VALUES (79, N'Honor. I don''t steal from others in the trade. (Lawful)')
GO

INSERT [dbo].[ideal] ([Id], [Description]) VALUES (80, N'Freedom. Chains are meant to be broken, as are those who would forge them. (Chaotic)')
GO

INSERT [dbo].[ideal] ([Id], [Description]) VALUES (81, N'Charity. I steal from the wealthy so that I can help people in need. (Good)')
GO

INSERT [dbo].[ideal] ([Id], [Description]) VALUES (82, N'Greed. I will do whatever it takes to become wealthy. (Evil)')
GO

INSERT [dbo].[ideal] ([Id], [Description]) VALUES (83, N'People. I''m loyal to my friends, not to any ideals, and everyone else can take a trip down the Styx for all I care. (Neutral)
')
GO

INSERT [dbo].[ideal] ([Id], [Description]) VALUES (84, N'Redemption. There''s a spark of good in everyone. (Good)')
GO

INSERT [dbo].[backgroundType] ([Id], [Name], [Description]) VALUES (1, N'Acolyte', N'You have spent your life in the service of a temple to a specific god or pantheon of gods. You act as an intermediary between the realm of the holy and the mortal world, performing sacred rites and offering sacrifices in order to conduct worshipers into the presence of the divine. You are not necessarily a cleric—performing sacred rites is not the same thing as channeling divine power.')
GO

INSERT [dbo].[backgroundType] ([Id], [Name], [Description]) VALUES (2, N'Noble', N'You understand wealth, power, and privilege. You carry a noble title, and your family owns land, collects taxes, and wields significant political influence. You might be a pampered aristocrat unfamiliar with work or discomfort, a former merchant just elevated to the nobility, or a disinherited scoundrel with a disproportionate sense of entitlement. Or you could be an honest, hard-working landowner who cares deeply about the people who live and work on your land, keenly aware of your responsibility to them.')
GO

INSERT [dbo].[backgroundType] ([Id], [Name], [Description]) VALUES (3, N'Soldier', N'War has been your life for as long as you care to remember. You trained as a youth, studied the use of weapons and armor, learned basic survival techniques, including how to stay alive on the battlefield. You might have been part of a standing national army or a mercenary company, or perhaps a member of a local militia who rose to prominence during a recent war.')
GO

INSERT [dbo].[backgroundType] ([Id], [Name], [Description]) VALUES (4, N'Far Traveler', N'You are from a distant place, one so remote that few of the common folk in the North realize that it exists,
and chances are good that even if some people you meet have heard of your homeland, they know merely the name and perhaps a few outrageous stories. You have come to this part of Faerun for your own reasons, which you might or might not choose to share.')
GO

INSERT [dbo].[backgroundType] ([Id], [Name], [Description]) VALUES (5, N'Bounty Hunter', N'However fine and noble the world might have seemed at first glance, once you dug a little deeper beneath the facade, a deeper truth revealed itself to you. Conflict and strife are the only real constants in "civilized" lands, and for you, therein lay the opportunity for profit. As a bounty hunter you had plied your trade well, offering dubious (if effective) services and skills to all manner of client for myriad reasons- superficial or otherwise.')
GO

INSERT [dbo].[backgroundType] ([Id], [Name], [Description]) VALUES (6, N'Urchin', N'You grew up on the streets alone, orphaned, and poor. You had no one to watch over you or to provide for you, so you learned to provide for yourself. You fought fiercely over food and kept a constant watch out for other desperate souls who might steal from you. You slept on rooftops and in alleyways, exposed to the elements, and endured sickness without the advantage of medicine or a place to recuperate. You’ve survived despite all odds, and did so through cunning, strength, speed, or some combination of each.')
GO

INSERT [dbo].[backgroundType] ([Id], [Name], [Description]) VALUES (7, N'Sailor', N'You sailed on a seagoing vessel for years. In that time, you faced down mighty storms, monsters of the deep, and those who wanted to sink your craft to the bottomless depths. Your first love is the distant line of the horizon, but the time has come to try your hand at something new.')
GO

INSERT [dbo].[backgroundType] ([Id], [Name], [Description]) VALUES (8, N'Sage', N'You spent years learning the lore of the multiverse. You scoured manuscripts, studied scrolls, and listened to the greatest experts on the subjects that interest you. Your efforts have made you a master in your fields of study.')
GO

INSERT [dbo].[backgroundType] ([Id], [Name], [Description]) VALUES (9, N'Outlander', N'You grew up in the wilds, far from civilization and the comforts of town and technology. You’ve witnessed the migration of herds larger than forests, survived weather more extreme than any city-dweller could comprehend, and enjoyed the solitude of being the only thinking creature for miles in any direction. The wilds are in your blood, whether you were a nomad, an explorer, a recluse, a hunter-gatherer, or even a marauder. Even in places where you don’t know the specific features of the terrain, you know the ways of the wild.')
GO

INSERT [dbo].[backgroundType] ([Id], [Name], [Description]) VALUES (10, N'Hermit', N'You lived in seclusion—either in a sheltered community such as a monastery, or entirely a lone—for a formative part of your life. In your time apart from the clamor of society, you found quiet, solitude, and perhaps some of the answers you were looking for.')
GO

INSERT [dbo].[backgroundType] ([Id], [Name], [Description]) VALUES (11, N'Guild Artisan', N'You are a member of an artisan''s guild, skilled in a particular field and closely associated with other artisans. You are a well-established part of the mercantile world, freed by talent and wealth from the constraints of a feudal social order. You learned your skills as an apprentice to a master artisan, under the sponsorship of your guild, until you became a master in your own right.')
GO

INSERT [dbo].[backgroundType] ([Id], [Name], [Description]) VALUES (12, N'Folk Hero', N'You come from a humble social rank, but you are destined for so much more. Already the people of your home village regard you as their champion, and your destiny calls you to stand against the tyrants and monsters that threaten the common folk everywhere.')
GO

INSERT [dbo].[backgroundType] ([Id], [Name], [Description]) VALUES (13, N'Entertainer', N'You thrive in front of an audience. You know how to entrance them, entertain them, and even inspire them. Your poetics can stir the hearts of those who hear you, awakening grief or joy, laughter or anger. Your music raises their spirits or captures their sorrow. Your dance steps captivate, your humor cuts to the quick. Whatever techniques you use, your art is your life.')
GO

INSERT [dbo].[backgroundType] ([Id], [Name], [Description]) VALUES (14, N'Criminal', N'You are an experienced criminal with a history of breaking the law. You have spent a lot of time among other criminals and still have contacts within the criminal underworld. You’re far closer than most people to the world of murder, theft, and violence that pervades the underbelly of civilization, and you have survived up to this point by flouting the rules and regulations of society.')
GO

INSERT [dbo].[bgTypeIdeal] ([TypeId], [IdealId]) VALUES (1, 1)
GO

INSERT [dbo].[bgTypeIdeal] ([TypeId], [IdealId]) VALUES (1, 2)
GO

INSERT [dbo].[bgTypeIdeal] ([TypeId], [IdealId]) VALUES (1, 3)
GO

INSERT [dbo].[bgTypeIdeal] ([TypeId], [IdealId]) VALUES (1, 4)
GO

INSERT [dbo].[bgTypeIdeal] ([TypeId], [IdealId]) VALUES (1, 5)
GO

INSERT [dbo].[bgTypeIdeal] ([TypeId], [IdealId]) VALUES (1, 6)
GO

INSERT [dbo].[bgTypeIdeal] ([TypeId], [IdealId]) VALUES (2, 7)
GO

INSERT [dbo].[bgTypeIdeal] ([TypeId], [IdealId]) VALUES (2, 8)
GO

INSERT [dbo].[bgTypeIdeal] ([TypeId], [IdealId]) VALUES (2, 9)
GO

INSERT [dbo].[bgTypeIdeal] ([TypeId], [IdealId]) VALUES (2, 10)
GO

INSERT [dbo].[bgTypeIdeal] ([TypeId], [IdealId]) VALUES (2, 11)
GO

INSERT [dbo].[bgTypeIdeal] ([TypeId], [IdealId]) VALUES (2, 12)
GO

INSERT [dbo].[bgTypeIdeal] ([TypeId], [IdealId]) VALUES (3, 13)
GO

INSERT [dbo].[bgTypeIdeal] ([TypeId], [IdealId]) VALUES (3, 14)
GO

INSERT [dbo].[bgTypeIdeal] ([TypeId], [IdealId]) VALUES (3, 15)
GO

INSERT [dbo].[bgTypeIdeal] ([TypeId], [IdealId]) VALUES (3, 16)
GO

INSERT [dbo].[bgTypeIdeal] ([TypeId], [IdealId]) VALUES (3, 17)
GO

INSERT [dbo].[bgTypeIdeal] ([TypeId], [IdealId]) VALUES (3, 18)
GO

INSERT [dbo].[bgTypeIdeal] ([TypeId], [IdealId]) VALUES (4, 19)
GO

INSERT [dbo].[bgTypeIdeal] ([TypeId], [IdealId]) VALUES (4, 20)
GO

INSERT [dbo].[bgTypeIdeal] ([TypeId], [IdealId]) VALUES (4, 21)
GO

INSERT [dbo].[bgTypeIdeal] ([TypeId], [IdealId]) VALUES (4, 22)
GO

INSERT [dbo].[bgTypeIdeal] ([TypeId], [IdealId]) VALUES (4, 23)
GO

INSERT [dbo].[bgTypeIdeal] ([TypeId], [IdealId]) VALUES (4, 24)
GO

INSERT [dbo].[bgTypeIdeal] ([TypeId], [IdealId]) VALUES (5, 25)
GO

INSERT [dbo].[bgTypeIdeal] ([TypeId], [IdealId]) VALUES (5, 26)
GO

INSERT [dbo].[bgTypeIdeal] ([TypeId], [IdealId]) VALUES (5, 27)
GO

INSERT [dbo].[bgTypeIdeal] ([TypeId], [IdealId]) VALUES (5, 28)
GO

INSERT [dbo].[bgTypeIdeal] ([TypeId], [IdealId]) VALUES (5, 29)
GO

INSERT [dbo].[bgTypeIdeal] ([TypeId], [IdealId]) VALUES (5, 30)
GO

INSERT [dbo].[bgTypeIdeal] ([TypeId], [IdealId]) VALUES (6, 31)
GO

INSERT [dbo].[bgTypeIdeal] ([TypeId], [IdealId]) VALUES (6, 32)
GO

INSERT [dbo].[bgTypeIdeal] ([TypeId], [IdealId]) VALUES (6, 33)
GO

INSERT [dbo].[bgTypeIdeal] ([TypeId], [IdealId]) VALUES (6, 34)
GO

INSERT [dbo].[bgTypeIdeal] ([TypeId], [IdealId]) VALUES (6, 35)
GO

INSERT [dbo].[bgTypeIdeal] ([TypeId], [IdealId]) VALUES (6, 36)
GO

INSERT [dbo].[bgTypeIdeal] ([TypeId], [IdealId]) VALUES (7, 37)
GO

INSERT [dbo].[bgTypeIdeal] ([TypeId], [IdealId]) VALUES (7, 38)
GO

INSERT [dbo].[bgTypeIdeal] ([TypeId], [IdealId]) VALUES (7, 39)
GO

INSERT [dbo].[bgTypeIdeal] ([TypeId], [IdealId]) VALUES (7, 40)
GO

INSERT [dbo].[bgTypeIdeal] ([TypeId], [IdealId]) VALUES (7, 41)
GO

INSERT [dbo].[bgTypeIdeal] ([TypeId], [IdealId]) VALUES (7, 42)
GO

INSERT [dbo].[bgTypeIdeal] ([TypeId], [IdealId]) VALUES (8, 43)
GO

INSERT [dbo].[bgTypeIdeal] ([TypeId], [IdealId]) VALUES (8, 44)
GO

INSERT [dbo].[bgTypeIdeal] ([TypeId], [IdealId]) VALUES (8, 45)
GO

INSERT [dbo].[bgTypeIdeal] ([TypeId], [IdealId]) VALUES (8, 46)
GO

INSERT [dbo].[bgTypeIdeal] ([TypeId], [IdealId]) VALUES (8, 47)
GO

INSERT [dbo].[bgTypeIdeal] ([TypeId], [IdealId]) VALUES (8, 48)
GO

INSERT [dbo].[bgTypeIdeal] ([TypeId], [IdealId]) VALUES (9, 49)
GO

INSERT [dbo].[bgTypeIdeal] ([TypeId], [IdealId]) VALUES (9, 50)
GO

INSERT [dbo].[bgTypeIdeal] ([TypeId], [IdealId]) VALUES (9, 51)
GO

INSERT [dbo].[bgTypeIdeal] ([TypeId], [IdealId]) VALUES (9, 52)
GO

INSERT [dbo].[bgTypeIdeal] ([TypeId], [IdealId]) VALUES (9, 53)
GO

INSERT [dbo].[bgTypeIdeal] ([TypeId], [IdealId]) VALUES (9, 54)
GO

INSERT [dbo].[bgTypeIdeal] ([TypeId], [IdealId]) VALUES (10, 55)
GO

INSERT [dbo].[bgTypeIdeal] ([TypeId], [IdealId]) VALUES (10, 56)
GO

INSERT [dbo].[bgTypeIdeal] ([TypeId], [IdealId]) VALUES (10, 57)
GO

INSERT [dbo].[bgTypeIdeal] ([TypeId], [IdealId]) VALUES (10, 58)
GO

INSERT [dbo].[bgTypeIdeal] ([TypeId], [IdealId]) VALUES (10, 59)
GO

INSERT [dbo].[bgTypeIdeal] ([TypeId], [IdealId]) VALUES (10, 60)
GO

INSERT [dbo].[bgTypeIdeal] ([TypeId], [IdealId]) VALUES (11, 61)
GO

INSERT [dbo].[bgTypeIdeal] ([TypeId], [IdealId]) VALUES (11, 62)
GO

INSERT [dbo].[bgTypeIdeal] ([TypeId], [IdealId]) VALUES (11, 63)
GO

INSERT [dbo].[bgTypeIdeal] ([TypeId], [IdealId]) VALUES (11, 64)
GO

INSERT [dbo].[bgTypeIdeal] ([TypeId], [IdealId]) VALUES (11, 65)
GO

INSERT [dbo].[bgTypeIdeal] ([TypeId], [IdealId]) VALUES (11, 66)
GO

INSERT [dbo].[bgTypeIdeal] ([TypeId], [IdealId]) VALUES (12, 67)
GO

INSERT [dbo].[bgTypeIdeal] ([TypeId], [IdealId]) VALUES (12, 68)
GO

INSERT [dbo].[bgTypeIdeal] ([TypeId], [IdealId]) VALUES (12, 69)
GO

INSERT [dbo].[bgTypeIdeal] ([TypeId], [IdealId]) VALUES (12, 70)
GO

INSERT [dbo].[bgTypeIdeal] ([TypeId], [IdealId]) VALUES (12, 71)
GO

INSERT [dbo].[bgTypeIdeal] ([TypeId], [IdealId]) VALUES (12, 72)
GO

INSERT [dbo].[bgTypeIdeal] ([TypeId], [IdealId]) VALUES (13, 73)
GO

INSERT [dbo].[bgTypeIdeal] ([TypeId], [IdealId]) VALUES (13, 74)
GO

INSERT [dbo].[bgTypeIdeal] ([TypeId], [IdealId]) VALUES (13, 75)
GO

INSERT [dbo].[bgTypeIdeal] ([TypeId], [IdealId]) VALUES (13, 76)
GO

INSERT [dbo].[bgTypeIdeal] ([TypeId], [IdealId]) VALUES (13, 77)
GO

INSERT [dbo].[bgTypeIdeal] ([TypeId], [IdealId]) VALUES (13, 78)
GO

INSERT [dbo].[bgTypeIdeal] ([TypeId], [IdealId]) VALUES (14, 79)
GO

INSERT [dbo].[bgTypeIdeal] ([TypeId], [IdealId]) VALUES (14, 80)
GO

INSERT [dbo].[bgTypeIdeal] ([TypeId], [IdealId]) VALUES (14, 81)
GO

INSERT [dbo].[bgTypeIdeal] ([TypeId], [IdealId]) VALUES (14, 82)
GO

INSERT [dbo].[bgTypeIdeal] ([TypeId], [IdealId]) VALUES (14, 83)
GO

INSERT [dbo].[bgTypeIdeal] ([TypeId], [IdealId]) VALUES (14, 84)
GO

INSERT [dbo].[bond] ([Id], [Description]) VALUES (1, N'I would die to recover an ancient relic of my faith that was lost long ago.')
GO

INSERT [dbo].[bond] ([Id], [Description]) VALUES (2, N'I will someday get revenge on the corrupt temple hierarchy who branded me a heretic.')
GO

INSERT [dbo].[bond] ([Id], [Description]) VALUES (3, N'I owe my life to the priest who took me in when my parents died.')
GO

INSERT [dbo].[bond] ([Id], [Description]) VALUES (4, N'Everything I do is for the common people.')
GO

INSERT [dbo].[bond] ([Id], [Description]) VALUES (5, N'I will do anything to protect the temple where I served.')
GO

INSERT [dbo].[bond] ([Id], [Description]) VALUES (6, N'I seek to preserve a sacred text that my enemies consider heretical and seek to destroy.')
GO

INSERT [dbo].[bond] ([Id], [Description]) VALUES (7, N'I will face any challenge to win the approval of my family.')
GO

INSERT [dbo].[bond] ([Id], [Description]) VALUES (8, N'My house’s alliance with another noble family must be sustained at all costs.')
GO

INSERT [dbo].[bond] ([Id], [Description]) VALUES (9, N'Nothing is more important than the other members of my family.')
GO

INSERT [dbo].[bond] ([Id], [Description]) VALUES (10, N'I am in love with the heir of a family that my family despises.')
GO

INSERT [dbo].[bond] ([Id], [Description]) VALUES (11, N'My loyalty to my sovereign is unwavering.')
GO

INSERT [dbo].[bond] ([Id], [Description]) VALUES (12, N'The common folk must see me as a hero of the people.')
GO

INSERT [dbo].[bond] ([Id], [Description]) VALUES (13, N'I would still lay down my life for the people I served with.')
GO

INSERT [dbo].[bond] ([Id], [Description]) VALUES (14, N'Someone saved my life on the battlefield. To this day, I will never leave a friend behind.')
GO

INSERT [dbo].[bond] ([Id], [Description]) VALUES (15, N'My honor is my life.')
GO

INSERT [dbo].[bond] ([Id], [Description]) VALUES (16, N'I’ll never forget the crushing defeat my company suffered or the enemies who dealt it.')
GO

INSERT [dbo].[bond] ([Id], [Description]) VALUES (17, N'Those who fight beside me are those worth dying for.')
GO

INSERT [dbo].[bond] ([Id], [Description]) VALUES (18, N'I fight for those who cannot fight for themselves.')
GO

INSERT [dbo].[bond] ([Id], [Description]) VALUES (19, N'So long as I have this token from my homeland, I can face any adversity in this strange land.')
GO

INSERT [dbo].[bond] ([Id], [Description]) VALUES (20, N'The gods of my people are a comfort to me so far from home.')
GO

INSERT [dbo].[bond] ([Id], [Description]) VALUES (21, N'I hold no greater cause than my service to my people.')
GO

INSERT [dbo].[bond] ([Id], [Description]) VALUES (22, N'My freedom is my most precious possession. I'' ll never let anyone take it from me again')
GO

INSERT [dbo].[bond] ([Id], [Description]) VALUES (23, N'	I''m fascinated by the beauty and wonder of this new land.')
GO

INSERT [dbo].[bond] ([Id], [Description]) VALUES (24, N'	Though I had no choice, I lament having to leave my loved one(s) behind. I hope to see them again one day.')
GO

INSERT [dbo].[bond] ([Id], [Description]) VALUES (25, N'Once a solider, my comrade''s grave betrayal forced me from my home, and into this life.')
GO

INSERT [dbo].[bond] ([Id], [Description]) VALUES (26, N'Though my friends are few, I owe them my life many times over, and would happily die for them.')
GO

INSERT [dbo].[bond] ([Id], [Description]) VALUES (27, N'Horrendous tales and vile rumor destroyed my family''s good name, and this path is the only recourse to find the truth.')
GO

INSERT [dbo].[bond] ([Id], [Description]) VALUES (28, N'The contract turned sour, and now I find myself yoked to dangerously twisted employers.')
GO

INSERT [dbo].[bond] ([Id], [Description]) VALUES (29, N'All my deeds would surely consign me to prison - only by servicing officials do I stay free.')
GO

INSERT [dbo].[bond] ([Id], [Description]) VALUES (30, N'Mindless thuggery stole the life of one I cherished, and the price they must pay is one I will collect.')
GO

INSERT [dbo].[bond] ([Id], [Description]) VALUES (31, N'My town or city is my home, and I''ll fight to defend it.')
GO

INSERT [dbo].[bond] ([Id], [Description]) VALUES (32, N'I sponsor an orphanage to keep others from enduring what I was forced to endure.')
GO

INSERT [dbo].[bond] ([Id], [Description]) VALUES (33, N'I owe my survival to another urchin who taught me to live on the streets.')
GO

INSERT [dbo].[bond] ([Id], [Description]) VALUES (34, N'I owe a debt I can never repay to the person who took pity on me.')
GO

INSERT [dbo].[bond] ([Id], [Description]) VALUES (35, N'I escaped my life of poverty by robbing an important person, and I''m wanted for it.')
GO

INSERT [dbo].[bond] ([Id], [Description]) VALUES (36, N'No one else should have to endure the hardships I''ve been through.')
GO

INSERT [dbo].[bond] ([Id], [Description]) VALUES (37, N'I''m loyal to my captain first, everything else second.')
GO

INSERT [dbo].[bond] ([Id], [Description]) VALUES (38, N'The ship is most important — crewmates and captains come and go.')
GO

INSERT [dbo].[bond] ([Id], [Description]) VALUES (39, N'I''ll always remember my first ship.')
GO

INSERT [dbo].[bond] ([Id], [Description]) VALUES (40, N'In a harbor town, I have a paramour whose eyes nearly stole me from the sea.')
GO

INSERT [dbo].[bond] ([Id], [Description]) VALUES (41, N'I was cheated out of my fair share of the profits, and I want to get my due.')
GO

INSERT [dbo].[bond] ([Id], [Description]) VALUES (42, N'Ruthless pirates murdered my captain and crewmates, plundered our ship, and left me to die. Vengeance will be mine.')
GO

INSERT [dbo].[bond] ([Id], [Description]) VALUES (43, N'It is my duty to protect my students.')
GO

INSERT [dbo].[bond] ([Id], [Description]) VALUES (44, N'I have an ancient text that holds terrible secrets that must not fall into the wrong hands.')
GO

INSERT [dbo].[bond] ([Id], [Description]) VALUES (45, N'	I work to preserve a library, university, scriptorium, or monastery.')
GO

INSERT [dbo].[bond] ([Id], [Description]) VALUES (46, N'My life''s work is a series of tomes related to a specific field of lore.')
GO

INSERT [dbo].[bond] ([Id], [Description]) VALUES (47, N'I''ve been searching my whole life for the answer to a certain question.')
GO

INSERT [dbo].[bond] ([Id], [Description]) VALUES (48, N'I sold my soul for knowledge. I hope to do great deeds and win it back.')
GO

INSERT [dbo].[bond] ([Id], [Description]) VALUES (49, N'My family, clan, or tribe is the most important thing in my life, even when they are far from me.')
GO

INSERT [dbo].[bond] ([Id], [Description]) VALUES (50, N'An injury to the unspoiled wilderness of my home is an injury to me.')
GO

INSERT [dbo].[bond] ([Id], [Description]) VALUES (51, N'I will bring terrible wrath down on the evildoers who destroyed my homeland.')
GO

INSERT [dbo].[bond] ([Id], [Description]) VALUES (52, N'I am the last of my tribe, and it is up to me to ensure their names enter legend.')
GO

INSERT [dbo].[bond] ([Id], [Description]) VALUES (53, N'I suffer awful visions of a coming disaster and will do anything to prevent it.')
GO

INSERT [dbo].[bond] ([Id], [Description]) VALUES (54, N'It is my duty to provide children to sustain my tribe.')
GO

INSERT [dbo].[bond] ([Id], [Description]) VALUES (55, N'Nothing is more important than the other members of my hermitage, order, or association.')
GO

INSERT [dbo].[bond] ([Id], [Description]) VALUES (56, N'I entered seclusion to hide from the ones who might still be hunting me. I must someday confront them.')
GO

INSERT [dbo].[bond] ([Id], [Description]) VALUES (57, N'I''m still seeking the enlightenment I pursued in my seclusion, and it still eludes me.')
GO

INSERT [dbo].[bond] ([Id], [Description]) VALUES (58, N'I entered seclusion because I loved someone I could not have.')
GO

INSERT [dbo].[bond] ([Id], [Description]) VALUES (59, N'Should my discovery come to light, it could bring ruin to the world.')
GO

INSERT [dbo].[bond] ([Id], [Description]) VALUES (60, N'My isolation gave me great insight into a great evil that only I can destroy.')
GO

INSERT [dbo].[bond] ([Id], [Description]) VALUES (61, N'The workshop where I learned my trade is the most important place in the world to me.')
GO

INSERT [dbo].[bond] ([Id], [Description]) VALUES (62, N'I created a great work for someone, and then found them unworthy to receive it. I''m still looking for someone worthy.')
GO

INSERT [dbo].[bond] ([Id], [Description]) VALUES (63, N'I owe my guild a great debt for forging me into the person I am today.')
GO

INSERT [dbo].[bond] ([Id], [Description]) VALUES (64, N'I pursue wealth to secure someone''s love.')
GO

INSERT [dbo].[bond] ([Id], [Description]) VALUES (65, N'One day I will return to my guild and prove that I am the greatest artisan of them all.')
GO

INSERT [dbo].[bond] ([Id], [Description]) VALUES (66, N'I will get revenge on the evil forces that destroyed my place of business and ruined my livelihood.')
GO

INSERT [dbo].[bond] ([Id], [Description]) VALUES (67, N'I have a family, but I have no idea where they are. One day, I hope to see them again.')
GO

INSERT [dbo].[bond] ([Id], [Description]) VALUES (68, N'I worked the land, I love the land, and I will protect the land.')
GO

INSERT [dbo].[bond] ([Id], [Description]) VALUES (69, N'A proud noble once gave me a horrible beating, and I will take my revenge on any bully I encounter.')
GO

INSERT [dbo].[bond] ([Id], [Description]) VALUES (70, N'My tools are symbols of my past life, and I carry them so that I will never forget my roots.')
GO

INSERT [dbo].[bond] ([Id], [Description]) VALUES (71, N'I protect those who cannot protect themselves.')
GO

INSERT [dbo].[bond] ([Id], [Description]) VALUES (72, N'I wish my childhood sweetheart had come with me to pursue my destiny.')
GO

INSERT [dbo].[bond] ([Id], [Description]) VALUES (73, N'My instrument is my most treasured possession, and it reminds me of someone I love.')
GO

INSERT [dbo].[bond] ([Id], [Description]) VALUES (74, N'Someone stole my precious instrument, and someday I''ll get it back.')
GO

INSERT [dbo].[bond] ([Id], [Description]) VALUES (75, N'I want to be famous, whatever it takes.')
GO

INSERT [dbo].[bond] ([Id], [Description]) VALUES (76, N'I idolize a hero of the old tales and measure my deeds against that person''s.')
GO

INSERT [dbo].[bond] ([Id], [Description]) VALUES (77, N'I will do anything to prove myself superior to my hated rival.')
GO

INSERT [dbo].[bond] ([Id], [Description]) VALUES (78, N'I would do anything for the other members of my old troupe.')
GO

INSERT [dbo].[bond] ([Id], [Description]) VALUES (79, N'I''m trying to pay off an old debt I owe to a generous benefactor.')
GO

INSERT [dbo].[bond] ([Id], [Description]) VALUES (80, N'My ill-gotten gains go to support my family.')
GO

INSERT [dbo].[bond] ([Id], [Description]) VALUES (81, N'Something important was taken from me, and I aim to steal it back.')
GO

INSERT [dbo].[bond] ([Id], [Description]) VALUES (82, N'I will become the greatest thief that ever lived.')
GO

INSERT [dbo].[bond] ([Id], [Description]) VALUES (83, N'I''m guilty of a terrible crime. I hope I can redeem myself for it.')
GO

INSERT [dbo].[bond] ([Id], [Description]) VALUES (84, N'Someone I loved died because of a mistake I made. That will never happen again.')
GO

INSERT [dbo].[bgTypeBond] ([TypeId], [BondId]) VALUES (1, 1)
GO

INSERT [dbo].[bgTypeBond] ([TypeId], [BondId]) VALUES (1, 2)
GO

INSERT [dbo].[bgTypeBond] ([TypeId], [BondId]) VALUES (1, 3)
GO

INSERT [dbo].[bgTypeBond] ([TypeId], [BondId]) VALUES (1, 4)
GO

INSERT [dbo].[bgTypeBond] ([TypeId], [BondId]) VALUES (1, 5)
GO

INSERT [dbo].[bgTypeBond] ([TypeId], [BondId]) VALUES (1, 6)
GO

INSERT [dbo].[bgTypeBond] ([TypeId], [BondId]) VALUES (2, 7)
GO

INSERT [dbo].[bgTypeBond] ([TypeId], [BondId]) VALUES (2, 8)
GO

INSERT [dbo].[bgTypeBond] ([TypeId], [BondId]) VALUES (2, 9)
GO

INSERT [dbo].[bgTypeBond] ([TypeId], [BondId]) VALUES (2, 10)
GO

INSERT [dbo].[bgTypeBond] ([TypeId], [BondId]) VALUES (2, 11)
GO

INSERT [dbo].[bgTypeBond] ([TypeId], [BondId]) VALUES (2, 12)
GO

INSERT [dbo].[bgTypeBond] ([TypeId], [BondId]) VALUES (3, 13)
GO

INSERT [dbo].[bgTypeBond] ([TypeId], [BondId]) VALUES (3, 14)
GO

INSERT [dbo].[bgTypeBond] ([TypeId], [BondId]) VALUES (3, 15)
GO

INSERT [dbo].[bgTypeBond] ([TypeId], [BondId]) VALUES (3, 16)
GO

INSERT [dbo].[bgTypeBond] ([TypeId], [BondId]) VALUES (3, 17)
GO

INSERT [dbo].[bgTypeBond] ([TypeId], [BondId]) VALUES (3, 18)
GO

INSERT [dbo].[bgTypeBond] ([TypeId], [BondId]) VALUES (4, 19)
GO

INSERT [dbo].[bgTypeBond] ([TypeId], [BondId]) VALUES (4, 20)
GO

INSERT [dbo].[bgTypeBond] ([TypeId], [BondId]) VALUES (4, 21)
GO

INSERT [dbo].[bgTypeBond] ([TypeId], [BondId]) VALUES (4, 22)
GO

INSERT [dbo].[bgTypeBond] ([TypeId], [BondId]) VALUES (4, 23)
GO

INSERT [dbo].[bgTypeBond] ([TypeId], [BondId]) VALUES (4, 24)
GO

INSERT [dbo].[bgTypeBond] ([TypeId], [BondId]) VALUES (5, 25)
GO

INSERT [dbo].[bgTypeBond] ([TypeId], [BondId]) VALUES (5, 26)
GO

INSERT [dbo].[bgTypeBond] ([TypeId], [BondId]) VALUES (5, 27)
GO

INSERT [dbo].[bgTypeBond] ([TypeId], [BondId]) VALUES (5, 28)
GO

INSERT [dbo].[bgTypeBond] ([TypeId], [BondId]) VALUES (5, 29)
GO

INSERT [dbo].[bgTypeBond] ([TypeId], [BondId]) VALUES (5, 30)
GO

INSERT [dbo].[bgTypeBond] ([TypeId], [BondId]) VALUES (6, 31)
GO

INSERT [dbo].[bgTypeBond] ([TypeId], [BondId]) VALUES (6, 32)
GO

INSERT [dbo].[bgTypeBond] ([TypeId], [BondId]) VALUES (6, 33)
GO

INSERT [dbo].[bgTypeBond] ([TypeId], [BondId]) VALUES (6, 34)
GO

INSERT [dbo].[bgTypeBond] ([TypeId], [BondId]) VALUES (6, 35)
GO

INSERT [dbo].[bgTypeBond] ([TypeId], [BondId]) VALUES (6, 36)
GO

INSERT [dbo].[bgTypeBond] ([TypeId], [BondId]) VALUES (7, 37)
GO

INSERT [dbo].[bgTypeBond] ([TypeId], [BondId]) VALUES (7, 38)
GO

INSERT [dbo].[bgTypeBond] ([TypeId], [BondId]) VALUES (7, 39)
GO

INSERT [dbo].[bgTypeBond] ([TypeId], [BondId]) VALUES (7, 40)
GO

INSERT [dbo].[bgTypeBond] ([TypeId], [BondId]) VALUES (7, 41)
GO

INSERT [dbo].[bgTypeBond] ([TypeId], [BondId]) VALUES (7, 42)
GO

INSERT [dbo].[bgTypeBond] ([TypeId], [BondId]) VALUES (8, 43)
GO

INSERT [dbo].[bgTypeBond] ([TypeId], [BondId]) VALUES (8, 44)
GO

INSERT [dbo].[bgTypeBond] ([TypeId], [BondId]) VALUES (8, 45)
GO

INSERT [dbo].[bgTypeBond] ([TypeId], [BondId]) VALUES (8, 46)
GO

INSERT [dbo].[bgTypeBond] ([TypeId], [BondId]) VALUES (8, 47)
GO

INSERT [dbo].[bgTypeBond] ([TypeId], [BondId]) VALUES (8, 48)
GO

INSERT [dbo].[bgTypeBond] ([TypeId], [BondId]) VALUES (9, 49)
GO

INSERT [dbo].[bgTypeBond] ([TypeId], [BondId]) VALUES (9, 50)
GO

INSERT [dbo].[bgTypeBond] ([TypeId], [BondId]) VALUES (9, 51)
GO

INSERT [dbo].[bgTypeBond] ([TypeId], [BondId]) VALUES (9, 52)
GO

INSERT [dbo].[bgTypeBond] ([TypeId], [BondId]) VALUES (9, 53)
GO

INSERT [dbo].[bgTypeBond] ([TypeId], [BondId]) VALUES (9, 54)
GO

INSERT [dbo].[bgTypeBond] ([TypeId], [BondId]) VALUES (10, 55)
GO

INSERT [dbo].[bgTypeBond] ([TypeId], [BondId]) VALUES (10, 56)
GO

INSERT [dbo].[bgTypeBond] ([TypeId], [BondId]) VALUES (10, 57)
GO

INSERT [dbo].[bgTypeBond] ([TypeId], [BondId]) VALUES (10, 58)
GO

INSERT [dbo].[bgTypeBond] ([TypeId], [BondId]) VALUES (10, 59)
GO

INSERT [dbo].[bgTypeBond] ([TypeId], [BondId]) VALUES (10, 60)
GO

INSERT [dbo].[bgTypeBond] ([TypeId], [BondId]) VALUES (11, 61)
GO

INSERT [dbo].[bgTypeBond] ([TypeId], [BondId]) VALUES (11, 62)
GO

INSERT [dbo].[bgTypeBond] ([TypeId], [BondId]) VALUES (11, 63)
GO

INSERT [dbo].[bgTypeBond] ([TypeId], [BondId]) VALUES (11, 64)
GO

INSERT [dbo].[bgTypeBond] ([TypeId], [BondId]) VALUES (11, 65)
GO

INSERT [dbo].[bgTypeBond] ([TypeId], [BondId]) VALUES (11, 66)
GO

INSERT [dbo].[bgTypeBond] ([TypeId], [BondId]) VALUES (12, 67)
GO

INSERT [dbo].[bgTypeBond] ([TypeId], [BondId]) VALUES (12, 68)
GO

INSERT [dbo].[bgTypeBond] ([TypeId], [BondId]) VALUES (12, 69)
GO

INSERT [dbo].[bgTypeBond] ([TypeId], [BondId]) VALUES (12, 70)
GO

INSERT [dbo].[bgTypeBond] ([TypeId], [BondId]) VALUES (12, 71)
GO

INSERT [dbo].[bgTypeBond] ([TypeId], [BondId]) VALUES (12, 72)
GO

INSERT [dbo].[bgTypeBond] ([TypeId], [BondId]) VALUES (13, 73)
GO

INSERT [dbo].[bgTypeBond] ([TypeId], [BondId]) VALUES (13, 74)
GO

INSERT [dbo].[bgTypeBond] ([TypeId], [BondId]) VALUES (13, 75)
GO

INSERT [dbo].[bgTypeBond] ([TypeId], [BondId]) VALUES (13, 76)
GO

INSERT [dbo].[bgTypeBond] ([TypeId], [BondId]) VALUES (13, 77)
GO

INSERT [dbo].[bgTypeBond] ([TypeId], [BondId]) VALUES (13, 78)
GO

INSERT [dbo].[bgTypeBond] ([TypeId], [BondId]) VALUES (14, 79)
GO

INSERT [dbo].[bgTypeBond] ([TypeId], [BondId]) VALUES (14, 80)
GO

INSERT [dbo].[bgTypeBond] ([TypeId], [BondId]) VALUES (14, 81)
GO

INSERT [dbo].[bgTypeBond] ([TypeId], [BondId]) VALUES (14, 82)
GO

INSERT [dbo].[bgTypeBond] ([TypeId], [BondId]) VALUES (14, 83)
GO

INSERT [dbo].[bgTypeBond] ([TypeId], [BondId]) VALUES (14, 84)
GO

INSERT [dbo].[flaw] ([Id], [Description]) VALUES (1, N'I judge others harshly, and myself even more severely.')
GO

INSERT [dbo].[flaw] ([Id], [Description]) VALUES (2, N'I put too much trust in those who wield power within my temple’s hierarchy.')
GO

INSERT [dbo].[flaw] ([Id], [Description]) VALUES (3, N'My piety sometimes leads me to blindly trust those that profess faith in my god.')
GO

INSERT [dbo].[flaw] ([Id], [Description]) VALUES (4, N'I am inflexible in my thinking.')
GO

INSERT [dbo].[flaw] ([Id], [Description]) VALUES (5, N'I am suspicious of strangers and expect the worst of them.')
GO

INSERT [dbo].[flaw] ([Id], [Description]) VALUES (6, N'Once I pick a goal, I become obsessed with it to the detriment of everything else in my life.')
GO

INSERT [dbo].[flaw] ([Id], [Description]) VALUES (7, N'I secretly believe that everyone is beneath me.')
GO

INSERT [dbo].[flaw] ([Id], [Description]) VALUES (8, N'I hide a truly scandalous secret that could ruin my family forever.')
GO

INSERT [dbo].[flaw] ([Id], [Description]) VALUES (9, N'I too often hear veiled insults and threats in every word addressed to me, and I’m quick to anger.')
GO

INSERT [dbo].[flaw] ([Id], [Description]) VALUES (10, N'I have an insatiable desire for carnal pleasures.')
GO

INSERT [dbo].[flaw] ([Id], [Description]) VALUES (11, N'In fact, the world does revolve around me.')
GO

INSERT [dbo].[flaw] ([Id], [Description]) VALUES (12, N'By my words and actions, I often bring shame to my family.')
GO

INSERT [dbo].[flaw] ([Id], [Description]) VALUES (13, N'The monstrous enemy we faced in battle still leaves me quivering with fear.')
GO

INSERT [dbo].[flaw] ([Id], [Description]) VALUES (14, N'I have little respect for anyone who is not a proven warrior.')
GO

INSERT [dbo].[flaw] ([Id], [Description]) VALUES (15, N'I made a terrible mistake in battle that cost many lives—and I would do anything to keep that mistake secret.')
GO

INSERT [dbo].[flaw] ([Id], [Description]) VALUES (16, N'My hatred of my enemies is blind and unreasoning.')
GO

INSERT [dbo].[flaw] ([Id], [Description]) VALUES (17, N'I obey the law, even if the law causes misery.')
GO

INSERT [dbo].[flaw] ([Id], [Description]) VALUES (18, N'I’d rather eat my armor than admit when I’m wrong.')
GO

INSERT [dbo].[flaw] ([Id], [Description]) VALUES (19, N'I am secretly (or not so secretly) convinced of the superiority of my own culture over that of this foreign land.')
GO

INSERT [dbo].[flaw] ([Id], [Description]) VALUES (20, N'I pretend not to understand the local language in order to avoid interactions I would rather not have.')
GO

INSERT [dbo].[flaw] ([Id], [Description]) VALUES (21, N'	I have a weakness for the new intoxicants and other pleasures of this land.')
GO

INSERT [dbo].[flaw] ([Id], [Description]) VALUES (22, N'I don''t take kindly to some of the actions and motivations of the people of this land, because these folk are different from me')
GO

INSERT [dbo].[flaw] ([Id], [Description]) VALUES (23, N'I consider the adherents of other gods to be deluded innocents at best, or ignorant foo ls at worst.')
GO

INSERT [dbo].[flaw] ([Id], [Description]) VALUES (24, N'I have a weakness for the exotic beauty of the people of these lands.')
GO

INSERT [dbo].[flaw] ([Id], [Description]) VALUES (25, N'Sleep, when it comes, is no sleep at all. The time spent tracking marks has left me skittish and paranoid.')
GO

INSERT [dbo].[flaw] ([Id], [Description]) VALUES (26, N'Not only am I good at what I do, but I love what I do - and I hate myself for it.')
GO

INSERT [dbo].[flaw] ([Id], [Description]) VALUES (27, N'I refuse to believe anyone can be trusted, and will root through their life until I''m satisfied they can be.')
GO

INSERT [dbo].[flaw] ([Id], [Description]) VALUES (28, N'At a younger age my actions earned me the brand of a criminal, those mistakes haunting me and my fellows even today.')
GO

INSERT [dbo].[flaw] ([Id], [Description]) VALUES (29, N'It is only for my own selfish need to be the best at what I do that I abandon my team to bring the bounty in first.')
GO

INSERT [dbo].[flaw] ([Id], [Description]) VALUES (30, N'Contract or not, I never bring murder bounties back alive. They showed no mercy, and so neither will I.')
GO

INSERT [dbo].[flaw] ([Id], [Description]) VALUES (31, N'If I''m outnumbered, I will run away from a fight.')
GO

INSERT [dbo].[flaw] ([Id], [Description]) VALUES (32, N'Gold seems like a lot of money to me, and I''ll do just about anything for more of it.')
GO

INSERT [dbo].[flaw] ([Id], [Description]) VALUES (33, N'I will never fully trust anyone other than myself.')
GO

INSERT [dbo].[flaw] ([Id], [Description]) VALUES (34, N'I''d rather kill someone in their sleep then fight fair.')
GO

INSERT [dbo].[flaw] ([Id], [Description]) VALUES (35, N'It''s not stealing if I need it more than someone else.')
GO

INSERT [dbo].[flaw] ([Id], [Description]) VALUES (36, N'People who can''t take care of themselves get what they deserve.')
GO

INSERT [dbo].[flaw] ([Id], [Description]) VALUES (37, N'I follow orders, even if I think they''re wrong.')
GO

INSERT [dbo].[flaw] ([Id], [Description]) VALUES (38, N'I''ll say anything to avoid having to do extra work.')
GO

INSERT [dbo].[flaw] ([Id], [Description]) VALUES (39, N'Once someone questions my courage, I never back down no matter how dangerous the situation.')
GO

INSERT [dbo].[flaw] ([Id], [Description]) VALUES (40, N'Once I start drinking, it''s hard for me to stop.')
GO

INSERT [dbo].[flaw] ([Id], [Description]) VALUES (41, N'I can''t help but pocket loose coins and other trinkets I come across.')
GO

INSERT [dbo].[flaw] ([Id], [Description]) VALUES (42, N'My pride will probably lead to my destruction.')
GO

INSERT [dbo].[flaw] ([Id], [Description]) VALUES (43, N'I am easily distracted by the promise of information.')
GO

INSERT [dbo].[flaw] ([Id], [Description]) VALUES (44, N'Most people scream and run when they see a demon. I stop and take notes on its anatomy.')
GO

INSERT [dbo].[flaw] ([Id], [Description]) VALUES (45, N'Unlocking an ancient mystery is worth the price of a civilization.')
GO

INSERT [dbo].[flaw] ([Id], [Description]) VALUES (46, N'I overlook obvious solutions in favor of complicated ones.')
GO

INSERT [dbo].[flaw] ([Id], [Description]) VALUES (47, N'I speak without really thinking through my words, invariably insulting others.')
GO

INSERT [dbo].[flaw] ([Id], [Description]) VALUES (48, N'I can''t keep a secret to save my life, or anyone else''s.')
GO

INSERT [dbo].[flaw] ([Id], [Description]) VALUES (49, N'I am too enamored of ale, wine, and other intoxicants.')
GO

INSERT [dbo].[flaw] ([Id], [Description]) VALUES (50, N'There''s no room for caution in a life lived to the fullest.')
GO

INSERT [dbo].[flaw] ([Id], [Description]) VALUES (51, N'I remember every insult I''ve received and nurse a silent resentment toward anyone who''s ever wronged me.')
GO

INSERT [dbo].[flaw] ([Id], [Description]) VALUES (52, N'I am slow to trust members of other races, tribes, and societies.')
GO

INSERT [dbo].[flaw] ([Id], [Description]) VALUES (53, N'Violence is my answer to almost any challenge.')
GO

INSERT [dbo].[flaw] ([Id], [Description]) VALUES (54, N'Don''t expect me to save those who can''t save themselves. It is nature''s way that the strong thrive and the weak perish.')
GO

INSERT [dbo].[flaw] ([Id], [Description]) VALUES (55, N'Now that I''ve returned to the world, I enjoy its delights a little too much.')
GO

INSERT [dbo].[flaw] ([Id], [Description]) VALUES (56, N'I harbor dark, bloodthirsty thoughts that my isolation and meditation failed to quell.')
GO

INSERT [dbo].[flaw] ([Id], [Description]) VALUES (57, N'I am dogmatic in my thoughts and philosophy.')
GO

INSERT [dbo].[flaw] ([Id], [Description]) VALUES (58, N'I let my need to win arguments overshadow friendships and harmony.')
GO

INSERT [dbo].[flaw] ([Id], [Description]) VALUES (59, N'I''d risk too much to uncover a lost bit of knowledge.')
GO

INSERT [dbo].[flaw] ([Id], [Description]) VALUES (60, N'I like keeping secrets and won''t share them with anyone.')
GO

INSERT [dbo].[flaw] ([Id], [Description]) VALUES (61, N'I''ll do anything to get my hands on something rare or priceless.')
GO

INSERT [dbo].[flaw] ([Id], [Description]) VALUES (62, N'I''m quick to assume that someone is trying to cheat me.')
GO

INSERT [dbo].[flaw] ([Id], [Description]) VALUES (63, N'No one must ever learn that I once stole money from guild coffers.')
GO

INSERT [dbo].[flaw] ([Id], [Description]) VALUES (64, N'I''m never satisfied with what I have — I always want more.')
GO

INSERT [dbo].[flaw] ([Id], [Description]) VALUES (65, N'I would kill to acquire a noble title.')
GO

INSERT [dbo].[flaw] ([Id], [Description]) VALUES (66, N'I''m horribly jealous of anyone who can outshine my handiwork. Everywhere I go, I''m surrounded by rivals.')
GO

INSERT [dbo].[flaw] ([Id], [Description]) VALUES (67, N'The tyrant who rules my land will stop at nothing to see me killed.')
GO

INSERT [dbo].[flaw] ([Id], [Description]) VALUES (68, N'I''m convinced of the significance of my destiny, and blind to my shortcomings and the risk of failure.')
GO

INSERT [dbo].[flaw] ([Id], [Description]) VALUES (69, N'The people who knew me when I was young know my shameful secret, so I can never go home again.')
GO

INSERT [dbo].[flaw] ([Id], [Description]) VALUES (70, N'I have a weakness for the vices of the city, especially hard drink.')
GO

INSERT [dbo].[flaw] ([Id], [Description]) VALUES (71, N'Secretly, I believe that things would be better if I were a tyrant lording over the land.')
GO

INSERT [dbo].[flaw] ([Id], [Description]) VALUES (72, N'I have trouble trusting in my allies.')
GO

INSERT [dbo].[flaw] ([Id], [Description]) VALUES (73, N'I''ll do anything to win fame and renown.')
GO

INSERT [dbo].[flaw] ([Id], [Description]) VALUES (74, N'I''m a sucker for a pretty face.')
GO

INSERT [dbo].[flaw] ([Id], [Description]) VALUES (75, N'A scandal prevents me from ever going home again. That kind of trouble seems to follow me around.')
GO

INSERT [dbo].[flaw] ([Id], [Description]) VALUES (76, N'I once satirized a noble who still wants my head. It was a mistake that I will likely repeat.')
GO

INSERT [dbo].[flaw] ([Id], [Description]) VALUES (77, N'I have trouble keeping my true feelings hidden. My sharp tongue lands me in trouble.')
GO

INSERT [dbo].[flaw] ([Id], [Description]) VALUES (78, N'Despite my best efforts, I am unreliable to my friends.')
GO

INSERT [dbo].[flaw] ([Id], [Description]) VALUES (79, N'When I see something valuable, I can''t think about anything but how to steal it.')
GO

INSERT [dbo].[flaw] ([Id], [Description]) VALUES (80, N'When faced with a choice between money and my friends, I usually choose the money.')
GO

INSERT [dbo].[flaw] ([Id], [Description]) VALUES (81, N'If there''s a plan, I''ll forget it. If I don''t forget it, I''ll ignore it.')
GO

INSERT [dbo].[flaw] ([Id], [Description]) VALUES (82, N'I have a "tell" that reveals when I''m lying.')
GO

INSERT [dbo].[flaw] ([Id], [Description]) VALUES (83, N'I turn tail and run when things look bad.')
GO

INSERT [dbo].[flaw] ([Id], [Description]) VALUES (84, N'An innocent person is in prison for a crime that I committed. I''m okay with that.')
GO

INSERT [dbo].[bgTypeFlaw] ([TypeId], [FlawId]) VALUES (1, 1)
GO

INSERT [dbo].[bgTypeFlaw] ([TypeId], [FlawId]) VALUES (1, 2)
GO

INSERT [dbo].[bgTypeFlaw] ([TypeId], [FlawId]) VALUES (1, 3)
GO

INSERT [dbo].[bgTypeFlaw] ([TypeId], [FlawId]) VALUES (1, 4)
GO

INSERT [dbo].[bgTypeFlaw] ([TypeId], [FlawId]) VALUES (1, 5)
GO

INSERT [dbo].[bgTypeFlaw] ([TypeId], [FlawId]) VALUES (1, 6)
GO

INSERT [dbo].[bgTypeFlaw] ([TypeId], [FlawId]) VALUES (2, 7)
GO

INSERT [dbo].[bgTypeFlaw] ([TypeId], [FlawId]) VALUES (2, 8)
GO

INSERT [dbo].[bgTypeFlaw] ([TypeId], [FlawId]) VALUES (2, 9)
GO

INSERT [dbo].[bgTypeFlaw] ([TypeId], [FlawId]) VALUES (2, 10)
GO

INSERT [dbo].[bgTypeFlaw] ([TypeId], [FlawId]) VALUES (2, 11)
GO

INSERT [dbo].[bgTypeFlaw] ([TypeId], [FlawId]) VALUES (2, 12)
GO

INSERT [dbo].[bgTypeFlaw] ([TypeId], [FlawId]) VALUES (3, 13)
GO

INSERT [dbo].[bgTypeFlaw] ([TypeId], [FlawId]) VALUES (3, 14)
GO

INSERT [dbo].[bgTypeFlaw] ([TypeId], [FlawId]) VALUES (3, 15)
GO

INSERT [dbo].[bgTypeFlaw] ([TypeId], [FlawId]) VALUES (3, 16)
GO

INSERT [dbo].[bgTypeFlaw] ([TypeId], [FlawId]) VALUES (3, 17)
GO

INSERT [dbo].[bgTypeFlaw] ([TypeId], [FlawId]) VALUES (3, 18)
GO

INSERT [dbo].[bgTypeFlaw] ([TypeId], [FlawId]) VALUES (4, 19)
GO

INSERT [dbo].[bgTypeFlaw] ([TypeId], [FlawId]) VALUES (4, 20)
GO

INSERT [dbo].[bgTypeFlaw] ([TypeId], [FlawId]) VALUES (4, 21)
GO

INSERT [dbo].[bgTypeFlaw] ([TypeId], [FlawId]) VALUES (4, 22)
GO

INSERT [dbo].[bgTypeFlaw] ([TypeId], [FlawId]) VALUES (4, 23)
GO

INSERT [dbo].[bgTypeFlaw] ([TypeId], [FlawId]) VALUES (4, 24)
GO

INSERT [dbo].[bgTypeFlaw] ([TypeId], [FlawId]) VALUES (5, 25)
GO

INSERT [dbo].[bgTypeFlaw] ([TypeId], [FlawId]) VALUES (5, 26)
GO

INSERT [dbo].[bgTypeFlaw] ([TypeId], [FlawId]) VALUES (5, 27)
GO

INSERT [dbo].[bgTypeFlaw] ([TypeId], [FlawId]) VALUES (5, 28)
GO

INSERT [dbo].[bgTypeFlaw] ([TypeId], [FlawId]) VALUES (5, 29)
GO

INSERT [dbo].[bgTypeFlaw] ([TypeId], [FlawId]) VALUES (5, 30)
GO

INSERT [dbo].[bgTypeFlaw] ([TypeId], [FlawId]) VALUES (6, 31)
GO

INSERT [dbo].[bgTypeFlaw] ([TypeId], [FlawId]) VALUES (6, 32)
GO

INSERT [dbo].[bgTypeFlaw] ([TypeId], [FlawId]) VALUES (6, 33)
GO

INSERT [dbo].[bgTypeFlaw] ([TypeId], [FlawId]) VALUES (6, 34)
GO

INSERT [dbo].[bgTypeFlaw] ([TypeId], [FlawId]) VALUES (6, 35)
GO

INSERT [dbo].[bgTypeFlaw] ([TypeId], [FlawId]) VALUES (6, 36)
GO

INSERT [dbo].[bgTypeFlaw] ([TypeId], [FlawId]) VALUES (7, 37)
GO

INSERT [dbo].[bgTypeFlaw] ([TypeId], [FlawId]) VALUES (7, 38)
GO

INSERT [dbo].[bgTypeFlaw] ([TypeId], [FlawId]) VALUES (7, 39)
GO

INSERT [dbo].[bgTypeFlaw] ([TypeId], [FlawId]) VALUES (7, 40)
GO

INSERT [dbo].[bgTypeFlaw] ([TypeId], [FlawId]) VALUES (7, 41)
GO

INSERT [dbo].[bgTypeFlaw] ([TypeId], [FlawId]) VALUES (7, 42)
GO

INSERT [dbo].[bgTypeFlaw] ([TypeId], [FlawId]) VALUES (8, 43)
GO

INSERT [dbo].[bgTypeFlaw] ([TypeId], [FlawId]) VALUES (8, 44)
GO

INSERT [dbo].[bgTypeFlaw] ([TypeId], [FlawId]) VALUES (8, 45)
GO

INSERT [dbo].[bgTypeFlaw] ([TypeId], [FlawId]) VALUES (8, 46)
GO

INSERT [dbo].[bgTypeFlaw] ([TypeId], [FlawId]) VALUES (8, 47)
GO

INSERT [dbo].[bgTypeFlaw] ([TypeId], [FlawId]) VALUES (8, 48)
GO

INSERT [dbo].[bgTypeFlaw] ([TypeId], [FlawId]) VALUES (9, 49)
GO

INSERT [dbo].[bgTypeFlaw] ([TypeId], [FlawId]) VALUES (9, 50)
GO

INSERT [dbo].[bgTypeFlaw] ([TypeId], [FlawId]) VALUES (9, 51)
GO

INSERT [dbo].[bgTypeFlaw] ([TypeId], [FlawId]) VALUES (9, 52)
GO

INSERT [dbo].[bgTypeFlaw] ([TypeId], [FlawId]) VALUES (9, 53)
GO

INSERT [dbo].[bgTypeFlaw] ([TypeId], [FlawId]) VALUES (9, 54)
GO

INSERT [dbo].[bgTypeFlaw] ([TypeId], [FlawId]) VALUES (10, 55)
GO

INSERT [dbo].[bgTypeFlaw] ([TypeId], [FlawId]) VALUES (10, 56)
GO

INSERT [dbo].[bgTypeFlaw] ([TypeId], [FlawId]) VALUES (10, 57)
GO

INSERT [dbo].[bgTypeFlaw] ([TypeId], [FlawId]) VALUES (10, 58)
GO

INSERT [dbo].[bgTypeFlaw] ([TypeId], [FlawId]) VALUES (10, 59)
GO

INSERT [dbo].[bgTypeFlaw] ([TypeId], [FlawId]) VALUES (10, 60)
GO

INSERT [dbo].[bgTypeFlaw] ([TypeId], [FlawId]) VALUES (11, 61)
GO

INSERT [dbo].[bgTypeFlaw] ([TypeId], [FlawId]) VALUES (11, 62)
GO

INSERT [dbo].[bgTypeFlaw] ([TypeId], [FlawId]) VALUES (11, 63)
GO

INSERT [dbo].[bgTypeFlaw] ([TypeId], [FlawId]) VALUES (11, 64)
GO

INSERT [dbo].[bgTypeFlaw] ([TypeId], [FlawId]) VALUES (11, 65)
GO

INSERT [dbo].[bgTypeFlaw] ([TypeId], [FlawId]) VALUES (11, 66)
GO

INSERT [dbo].[bgTypeFlaw] ([TypeId], [FlawId]) VALUES (12, 67)
GO

INSERT [dbo].[bgTypeFlaw] ([TypeId], [FlawId]) VALUES (12, 68)
GO

INSERT [dbo].[bgTypeFlaw] ([TypeId], [FlawId]) VALUES (12, 69)
GO

INSERT [dbo].[bgTypeFlaw] ([TypeId], [FlawId]) VALUES (12, 70)
GO

INSERT [dbo].[bgTypeFlaw] ([TypeId], [FlawId]) VALUES (12, 71)
GO

INSERT [dbo].[bgTypeFlaw] ([TypeId], [FlawId]) VALUES (12, 72)
GO

INSERT [dbo].[bgTypeFlaw] ([TypeId], [FlawId]) VALUES (13, 73)
GO

INSERT [dbo].[bgTypeFlaw] ([TypeId], [FlawId]) VALUES (13, 74)
GO

INSERT [dbo].[bgTypeFlaw] ([TypeId], [FlawId]) VALUES (13, 75)
GO

INSERT [dbo].[bgTypeFlaw] ([TypeId], [FlawId]) VALUES (13, 76)
GO

INSERT [dbo].[bgTypeFlaw] ([TypeId], [FlawId]) VALUES (13, 77)
GO

INSERT [dbo].[bgTypeFlaw] ([TypeId], [FlawId]) VALUES (13, 78)
GO

INSERT [dbo].[bgTypeFlaw] ([TypeId], [FlawId]) VALUES (14, 79)
GO

INSERT [dbo].[bgTypeFlaw] ([TypeId], [FlawId]) VALUES (14, 80)
GO

INSERT [dbo].[bgTypeFlaw] ([TypeId], [FlawId]) VALUES (14, 81)
GO

INSERT [dbo].[bgTypeFlaw] ([TypeId], [FlawId]) VALUES (14, 82)
GO

INSERT [dbo].[bgTypeFlaw] ([TypeId], [FlawId]) VALUES (14, 83)
GO

INSERT [dbo].[bgTypeFlaw] ([TypeId], [FlawId]) VALUES (14, 84)
GO

SET IDENTITY_INSERT [dbo].[class] ON
GO

INSERT [dbo].[class] ([Id], [Name], [Description], [hitDice], [primaryAbility], [save1], [save2]) VALUES (1, N'Barbarian', N'A fierce warrior of primitive background who can enter a battle rage', 12, N'Strength', N'Strength', N'Constitution')
GO

INSERT [dbo].[class] ([Id], [Name], [Description], [hitDice], [primaryAbility], [save1], [save2]) VALUES (2, N'Bard', N'An inspiring magician whose power echoes the music of creation', 8, N'Charisma', N'Dexterity', N'Charisma')
GO

INSERT [dbo].[class] ([Id], [Name], [Description], [hitDice], [primaryAbility], [save1], [save2]) VALUES (3, N'Cleric', N'A priestly champion who wields divine magic in service of a higher power', 8, N'Wisdom', N'Wisdom', N'Charisma')
GO

INSERT [dbo].[class] ([Id], [Name], [Description], [hitDice], [primaryAbility], [save1], [save2]) VALUES (4, N'Druid', N'A priest of the Old Faith, wielding the powers of nature and adopting animal forms', 8, N'Wisdom', N'Intelligence', N'Wisdom')
GO

INSERT [dbo].[class] ([Id], [Name], [Description], [hitDice], [primaryAbility], [save1], [save2]) VALUES (5, N'Fighter', N'A master of martial combat, skilled with a variety of weapons and armor', 10, N'Strength', N'Strength', N'Constitution')
GO

INSERT [dbo].[class] ([Id], [Name], [Description], [hitDice], [primaryAbility], [save1], [save2]) VALUES (6, N'Monk', N'A master of martial arts, harnessing the power of the body in pursuit of physical and spiritual perfection', 8, N'Dexterity', N'Strength', N'Dexterity')
GO

INSERT [dbo].[class] ([Id], [Name], [Description], [hitDice], [primaryAbility], [save1], [save2]) VALUES (7, N'Paladin', N'A holy warrior bound to a sacred oath', 10, N'Strength', N'Wisdom', N'Charisma')
GO

INSERT [dbo].[class] ([Id], [Name], [Description], [hitDice], [primaryAbility], [save1], [save2]) VALUES (8, N'Ranger', N'A warrior who combats threats on the edges of civilization', 10, N'Dexterity', N'Strength', N'Dexterity')
GO

INSERT [dbo].[class] ([Id], [Name], [Description], [hitDice], [primaryAbility], [save1], [save2]) VALUES (9, N'Rogue', N'A scoundrel who uses stealth and trickery to overcome obstacles and enemies', 8, N'Dexterity', N'Dexterity', N'Intelligence')
GO

INSERT [dbo].[class] ([Id], [Name], [Description], [hitDice], [primaryAbility], [save1], [save2]) VALUES (10, N'Sorcerer', N'A spellcaster who draws on inherent magic from a gift or bloodline', 6, N'Charisma', N'Constitution', N'Charisma')
GO

INSERT [dbo].[class] ([Id], [Name], [Description], [hitDice], [primaryAbility], [save1], [save2]) VALUES (11, N'Warlock', N'A wielder of magic that is derived from a bargain with an extraplanar entity', 8, N'Charisma', N'Wisdom', N'Charisma')
GO

INSERT [dbo].[class] ([Id], [Name], [Description], [hitDice], [primaryAbility], [save1], [save2]) VALUES (12, N'Wizard', N'A scholarly magic-user capable of manipulating the structures of reality', 6, N'Intelligence', N'Intelligance', N'Wisdom')
GO

SET IDENTITY_INSERT [dbo].[class] OFF
GO

SET IDENTITY_INSERT [dbo].[features] ON
GO

INSERT [dbo].[features] ([Id], [Name], [Description]) VALUES (1, N'Rage', N'In battle, you fight with primal ferocity. On your turn, you can enter a rage as a bonus action.')
GO

INSERT [dbo].[features] ([Id], [Name], [Description]) VALUES (2, N'Unarmored Defense', N'While you are not wearing any armor, your Armor Class equals 10 + your Dexterity modifier + your Constitution modifier. You can use a shield and still gain this benefit.')
GO

INSERT [dbo].[features] ([Id], [Name], [Description]) VALUES (3, N'Spellcasting', N'You have learned to untangle and reshape the fabric of reality in harmony with your wishes and music. Your spells are part of your vast repertoire, magic that you can tune to different situations. ')
GO

INSERT [dbo].[features] ([Id], [Name], [Description]) VALUES (4, N'Bardic Inspiration', N'You can inspire others through stirring words or music. To do so, you use a bonus action on your turn to choose one creature other than yourself within 60 feet of you who can hear you.')
GO

INSERT [dbo].[features] ([Id], [Name], [Description]) VALUES (5, N'Spellcasting', N'As a conduit for divine power, you can cast cleric spells. See Spells Rules for the general rules of spellcasting and the Spells Listing for the cleric spell list.')
GO

INSERT [dbo].[features] ([Id], [Name], [Description]) VALUES (6, N'Druidic', N'You know Druidic, the secret language of druids. You can speak the language and use it to leave hidden messages. You and others who know this language automatically spot such a message. Others spot the message’s presence with a successful DC 15 Wisdom (Perception) check but can’t decipher it without magic.')
GO

INSERT [dbo].[features] ([Id], [Name], [Description]) VALUES (7, N'Divine Domain', N'
Choose one domain related to your deity: Knowledge, Life, Light, Nature, Tempest, Trickery, or War.')
GO

INSERT [dbo].[features] ([Id], [Name], [Description]) VALUES (8, N'Spellcasting', N'Drawing on the divine essence of nature itself, you can cast spells to shape that essence to your will.')
GO

INSERT [dbo].[features] ([Id], [Name], [Description]) VALUES (9, N'Fighting Style', N'You adopt a particular style of fighting as your specialty. Choose one of the following options. You can’t take a Fighting Style option more than once, even if you later get to choose again.')
GO

INSERT [dbo].[features] ([Id], [Name], [Description]) VALUES (10, N'Second Wind', N'You have a limited well of stamina that you can draw on to protect yourself from harm. On your turn, you can use a bonus action to regain hit points equal to 1d10 + your fighter level. Once you use this feature, you must finish a short or long rest before you can use it again.')
GO

INSERT [dbo].[features] ([Id], [Name], [Description]) VALUES (11, N'Unarmored Defense', N'Beginning at 1st level, while you are wearing no armor and not wielding a shield, your AC equals 10 + your Dexterity modifier + your Wisdom modifier.')
GO

INSERT [dbo].[features] ([Id], [Name], [Description]) VALUES (12, N'Martial Arts', N'At 1st level, your practice of martial arts gives you mastery of combat styles that use unarmed strikes and monk weapons, which are shortswords and any simple melee weapons that don’t have the two-handed or heavy property.')
GO

INSERT [dbo].[features] ([Id], [Name], [Description]) VALUES (13, N'Divine Sense', N'The presence of strong evil registers on your senses like a noxious odor, and powerful good rings like heavenly music in your ears. As an action, you can open your awareness to detect such forces.')
GO

INSERT [dbo].[features] ([Id], [Name], [Description]) VALUES (14, N'Lay on Hands', N'Your blessed touch can heal wounds. You have a pool of healing power that replenishes when you take a long rest. With that pool, you can restore a total number of hit points equal to your paladin level × 5.')
GO

INSERT [dbo].[features] ([Id], [Name], [Description]) VALUES (15, N'Favored Enemy', N'Beginning at 1st level, you have significant experience studying, tracking, hunting, and even talking to a certain type of enemy.')
GO

INSERT [dbo].[features] ([Id], [Name], [Description]) VALUES (16, N'Natural Explorer', N'
You are particularly familiar with one type of natural environment and are adept at traveling and surviving in such regions. Choose one type of favored terrain: arctic, coast, desert, forest, grassland, mountain, swamp, or the Underdark.')
GO

INSERT [dbo].[features] ([Id], [Name], [Description]) VALUES (17, N'Sneak Attack', N'Beginning at 1st level, you know how to strike subtly and exploit a foe’s distraction. Once per turn, you can deal an extra 1d6 damage to one creature you hit with an attack if you have advantage on the attack roll. The attack must use a finesse or a ranged weapon.')
GO

INSERT [dbo].[features] ([Id], [Name], [Description]) VALUES (18, N'Thieves’ Cant', N'During your rogue training you learned thieves’ cant, a secret mix of dialect, jargon, and code that allows you to hide messages in seemingly normal conversation. Only another creature that knows thieves’ cant understands such messages. It takes four times longer to convey such a message than it does to speak the same idea plainly.')
GO

INSERT [dbo].[features] ([Id], [Name], [Description]) VALUES (19, N'Spellcasting', N'An event in your past, or in the life of a parent or ancestor, left an indelible mark on you, infusing you with arcane magic. This font of magic, whatever its origin, fuels your spells. ')
GO

INSERT [dbo].[features] ([Id], [Name], [Description]) VALUES (20, N'Sorcerous Origin', N'Choose a sorcerous origin, which describes the source of your innate magical power: Draconic Bloodline, detailed at the end of the class description, or one from another source.')
GO

INSERT [dbo].[features] ([Id], [Name], [Description]) VALUES (21, N'Otherworldly Patron', N'At 1st level, you have struck a bargain with an otherworldly being of your choice: the Fiend, which is detailed at the end of the class description, or one from another source.')
GO

INSERT [dbo].[features] ([Id], [Name], [Description]) VALUES (22, N'Pact Magic', N'Your arcane research and the magic bestowed on you by your patron have given you facility with spells. ')
GO

INSERT [dbo].[features] ([Id], [Name], [Description]) VALUES (23, N'Spellcasting', N'As a student of arcane magic, you have a spellbook containing spells that show the first glimmerings of your true power.')
GO

INSERT [dbo].[features] ([Id], [Name], [Description]) VALUES (24, N'Arcane Recovery', N'
You have learned to regain some of your magical energy by studying your spellbook. Once per day when you finish a short rest, you can choose expended spell slots to recover. ')
GO

SET IDENTITY_INSERT [dbo].[features] OFF
GO

INSERT [dbo].[classFeatures] ([ClassId], [FeatureId]) VALUES (1, 1)
GO

INSERT [dbo].[classFeatures] ([ClassId], [FeatureId]) VALUES (1, 2)
GO

INSERT [dbo].[classFeatures] ([ClassId], [FeatureId]) VALUES (2, 3)
GO

INSERT [dbo].[classFeatures] ([ClassId], [FeatureId]) VALUES (2, 4)
GO

INSERT [dbo].[classFeatures] ([ClassId], [FeatureId]) VALUES (3, 5)
GO

INSERT [dbo].[classFeatures] ([ClassId], [FeatureId]) VALUES (3, 7)
GO

INSERT [dbo].[classFeatures] ([ClassId], [FeatureId]) VALUES (4, 6)
GO

INSERT [dbo].[classFeatures] ([ClassId], [FeatureId]) VALUES (4, 8)
GO

INSERT [dbo].[classFeatures] ([ClassId], [FeatureId]) VALUES (5, 9)
GO

INSERT [dbo].[classFeatures] ([ClassId], [FeatureId]) VALUES (5, 10)
GO

INSERT [dbo].[classFeatures] ([ClassId], [FeatureId]) VALUES (6, 11)
GO

INSERT [dbo].[classFeatures] ([ClassId], [FeatureId]) VALUES (6, 12)
GO

INSERT [dbo].[classFeatures] ([ClassId], [FeatureId]) VALUES (7, 13)
GO

INSERT [dbo].[classFeatures] ([ClassId], [FeatureId]) VALUES (7, 14)
GO

INSERT [dbo].[classFeatures] ([ClassId], [FeatureId]) VALUES (8, 15)
GO

INSERT [dbo].[classFeatures] ([ClassId], [FeatureId]) VALUES (8, 16)
GO

INSERT [dbo].[classFeatures] ([ClassId], [FeatureId]) VALUES (9, 17)
GO

INSERT [dbo].[classFeatures] ([ClassId], [FeatureId]) VALUES (9, 18)
GO

INSERT [dbo].[classFeatures] ([ClassId], [FeatureId]) VALUES (10, 19)
GO

INSERT [dbo].[classFeatures] ([ClassId], [FeatureId]) VALUES (10, 20)
GO

INSERT [dbo].[classFeatures] ([ClassId], [FeatureId]) VALUES (11, 21)
GO

INSERT [dbo].[classFeatures] ([ClassId], [FeatureId]) VALUES (11, 22)
GO

INSERT [dbo].[classFeatures] ([ClassId], [FeatureId]) VALUES (12, 23)
GO

INSERT [dbo].[classFeatures] ([ClassId], [FeatureId]) VALUES (12, 24)
GO

SET IDENTITY_INSERT [dbo].[languages] ON
GO

INSERT [dbo].[languages] ([Id], [Name]) VALUES (1, N'Common')
GO

INSERT [dbo].[languages] ([Id], [Name]) VALUES (2, N'Aarakocra')
GO

INSERT [dbo].[languages] ([Id], [Name]) VALUES (3, N'Auran')
GO

INSERT [dbo].[languages] ([Id], [Name]) VALUES (4, N'Draconic')
GO

INSERT [dbo].[languages] ([Id], [Name]) VALUES (5, N'Dwarvish')
GO

INSERT [dbo].[languages] ([Id], [Name]) VALUES (6, N'Elvish')
GO

INSERT [dbo].[languages] ([Id], [Name]) VALUES (7, N'Primordial')
GO

INSERT [dbo].[languages] ([Id], [Name]) VALUES (8, N'Gnomish')
GO

INSERT [dbo].[languages] ([Id], [Name]) VALUES (9, N'Undercommon')
GO

INSERT [dbo].[languages] ([Id], [Name]) VALUES (10, N'Giant')
GO

INSERT [dbo].[languages] ([Id], [Name]) VALUES (11, N'Orc')
GO

INSERT [dbo].[languages] ([Id], [Name]) VALUES (12, N'Halfling')
GO

INSERT [dbo].[languages] ([Id], [Name]) VALUES (13, N'Infernal')
GO

INSERT [dbo].[languages] ([Id], [Name]) VALUES (14, N'Celestial')
GO

SET IDENTITY_INSERT [dbo].[languages] OFF
GO

INSERT [dbo].[race] ([Id], [Name], [Description]) VALUES (1, N'Aarakocra', N'Sequestered in high mountains atop tall trees, the aarakocra, sometimes called birdfolk, evoke fear and wonder.')
GO

INSERT [dbo].[race] ([Id], [Name], [Description]) VALUES (2, N'Dragonborn', N'Dragonborn look very much like dragons standing erect in humanoid form, though they lack wings or a tail.')
GO

INSERT [dbo].[race] ([Id], [Name], [Description]) VALUES (3, N'Hill Dwarf', N'Bold and hardy, dwarves are known as skilled warriors, miners, and workers of stone and metal.')
GO

INSERT [dbo].[race] ([Id], [Name], [Description]) VALUES (4, N'Mountain Dwarf', N'Bold and hardy, dwarves are known as skilled warriors, miners, and workers of stone and metal.')
GO

INSERT [dbo].[race] ([Id], [Name], [Description]) VALUES (5, N'Eladrin (Variant)', N'Elves are a magical people of otherworldly grace, living in the world but not entirely part of it.')
GO

INSERT [dbo].[race] ([Id], [Name], [Description]) VALUES (6, N'Wood Elf', N'Elves are a magical people of otherworldly grace, living in the world but not entirely part of it.')
GO

INSERT [dbo].[race] ([Id], [Name], [Description]) VALUES (7, N'Air Genasi', N'Genasi carry the power of the elemental planes of air, earth, fire, and water in their blood.')
GO

INSERT [dbo].[race] ([Id], [Name], [Description]) VALUES (8, N'Earth Genasi', N'Genasi carry the power of the elemental planes of air, earth, fire, and water in their blood.')
GO

INSERT [dbo].[race] ([Id], [Name], [Description]) VALUES (9, N'Fire Genasi', N'Genasi carry the power of the elemental planes of air, earth, fire, and water in their blood.')
GO

INSERT [dbo].[race] ([Id], [Name], [Description]) VALUES (10, N'Water Genasi', N'Genasi carry the power of the elemental planes of air, earth, fire, and water in their blood.')
GO

INSERT [dbo].[race] ([Id], [Name], [Description]) VALUES (11, N'Deep Gnome', N'A gnome’s energy and enthusiasm for living shines through every inch of his or her tiny body.')
GO

INSERT [dbo].[race] ([Id], [Name], [Description]) VALUES (12, N'Rock Gnome', N'A gnome’s energy and enthusiasm for living shines through every inch of his or her tiny body.')
GO

INSERT [dbo].[race] ([Id], [Name], [Description]) VALUES (13, N'Goliath', N'Strong and reclusive, every day brings a new challenge to a goliath.')
GO

INSERT [dbo].[race] ([Id], [Name], [Description]) VALUES (14, N'Half-Elf', N'Half-elves combine what some say are the best qualities of their elf and human parents.')
GO

INSERT [dbo].[race] ([Id], [Name], [Description]) VALUES (15, N'Half-Orc', N'Half-orcs’ grayish pigmentation, sloping foreheads, jutting jaws, prominent teeth, and towering builds make their orcish heritage plain for all to see.')
GO

INSERT [dbo].[race] ([Id], [Name], [Description]) VALUES (16, N'Lightfoot Halfling', N'The diminutive halflings survive in a world full of larger creatures by avoiding notice or, barring that, avoiding offense.')
GO

INSERT [dbo].[race] ([Id], [Name], [Description]) VALUES (17, N'Stout Halfling', N'The diminutive halflings survive in a world full of larger creatures by avoiding notice or, barring that, avoiding offense.')
GO

INSERT [dbo].[race] ([Id], [Name], [Description]) VALUES (18, N'Human', N'Humans are the most adaptable and ambitious people among the common races. Whatever drives them, humans are the innovators, the achievers, and the pioneers of the worlds.')
GO

INSERT [dbo].[race] ([Id], [Name], [Description]) VALUES (19, N'Tiefling', N'To be greeted with stares and whispers, to suffer violence and insult on the street, to see mistrust and fear in every eye: this is the lot of the tiefling.')
GO

INSERT [dbo].[race] ([Id], [Name], [Description]) VALUES (20, N'Variant Aasimar', N'Aasimar are placed in the world to serve as guardians of law and good. Their patrons expect them to strike at evil, lead by example, and further the cause of justice.')
GO

INSERT [dbo].[race] ([Id], [Name], [Description]) VALUES (21, N'High Elf', N'Elves are a magical people of otherworldly grace, living in the world but not entirely part of it.')
GO

INSERT [dbo].[raceLanguage] ([RaceID], [LanguageID]) VALUES (1, 1)
GO

INSERT [dbo].[raceLanguage] ([RaceID], [LanguageID]) VALUES (1, 2)
GO

INSERT [dbo].[raceLanguage] ([RaceID], [LanguageID]) VALUES (1, 3)
GO

INSERT [dbo].[raceLanguage] ([RaceID], [LanguageID]) VALUES (2, 1)
GO

INSERT [dbo].[raceLanguage] ([RaceID], [LanguageID]) VALUES (2, 4)
GO

INSERT [dbo].[raceLanguage] ([RaceID], [LanguageID]) VALUES (3, 1)
GO

INSERT [dbo].[raceLanguage] ([RaceID], [LanguageID]) VALUES (3, 5)
GO

INSERT [dbo].[raceLanguage] ([RaceID], [LanguageID]) VALUES (4, 1)
GO

INSERT [dbo].[raceLanguage] ([RaceID], [LanguageID]) VALUES (4, 5)
GO

INSERT [dbo].[raceLanguage] ([RaceID], [LanguageID]) VALUES (5, 1)
GO

INSERT [dbo].[raceLanguage] ([RaceID], [LanguageID]) VALUES (5, 6)
GO

INSERT [dbo].[raceLanguage] ([RaceID], [LanguageID]) VALUES (6, 1)
GO

INSERT [dbo].[raceLanguage] ([RaceID], [LanguageID]) VALUES (6, 6)
GO

INSERT [dbo].[raceLanguage] ([RaceID], [LanguageID]) VALUES (7, 1)
GO

INSERT [dbo].[raceLanguage] ([RaceID], [LanguageID]) VALUES (7, 7)
GO

INSERT [dbo].[raceLanguage] ([RaceID], [LanguageID]) VALUES (8, 1)
GO

INSERT [dbo].[raceLanguage] ([RaceID], [LanguageID]) VALUES (8, 7)
GO

INSERT [dbo].[raceLanguage] ([RaceID], [LanguageID]) VALUES (9, 1)
GO

INSERT [dbo].[raceLanguage] ([RaceID], [LanguageID]) VALUES (9, 7)
GO

INSERT [dbo].[raceLanguage] ([RaceID], [LanguageID]) VALUES (10, 1)
GO

INSERT [dbo].[raceLanguage] ([RaceID], [LanguageID]) VALUES (10, 7)
GO

INSERT [dbo].[raceLanguage] ([RaceID], [LanguageID]) VALUES (11, 1)
GO

INSERT [dbo].[raceLanguage] ([RaceID], [LanguageID]) VALUES (11, 8)
GO

INSERT [dbo].[raceLanguage] ([RaceID], [LanguageID]) VALUES (11, 9)
GO

INSERT [dbo].[raceLanguage] ([RaceID], [LanguageID]) VALUES (12, 1)
GO

INSERT [dbo].[raceLanguage] ([RaceID], [LanguageID]) VALUES (12, 8)
GO

INSERT [dbo].[raceLanguage] ([RaceID], [LanguageID]) VALUES (12, 9)
GO

INSERT [dbo].[raceLanguage] ([RaceID], [LanguageID]) VALUES (13, 1)
GO

INSERT [dbo].[raceLanguage] ([RaceID], [LanguageID]) VALUES (13, 10)
GO

INSERT [dbo].[raceLanguage] ([RaceID], [LanguageID]) VALUES (14, 1)
GO

INSERT [dbo].[raceLanguage] ([RaceID], [LanguageID]) VALUES (14, 6)
GO

INSERT [dbo].[raceLanguage] ([RaceID], [LanguageID]) VALUES (15, 1)
GO

INSERT [dbo].[raceLanguage] ([RaceID], [LanguageID]) VALUES (15, 11)
GO

INSERT [dbo].[raceLanguage] ([RaceID], [LanguageID]) VALUES (16, 1)
GO

INSERT [dbo].[raceLanguage] ([RaceID], [LanguageID]) VALUES (16, 12)
GO

INSERT [dbo].[raceLanguage] ([RaceID], [LanguageID]) VALUES (17, 1)
GO

INSERT [dbo].[raceLanguage] ([RaceID], [LanguageID]) VALUES (17, 12)
GO

INSERT [dbo].[raceLanguage] ([RaceID], [LanguageID]) VALUES (18, 1)
GO

INSERT [dbo].[raceLanguage] ([RaceID], [LanguageID]) VALUES (19, 1)
GO

INSERT [dbo].[raceLanguage] ([RaceID], [LanguageID]) VALUES (19, 13)
GO

INSERT [dbo].[raceLanguage] ([RaceID], [LanguageID]) VALUES (20, 1)
GO

INSERT [dbo].[raceLanguage] ([RaceID], [LanguageID]) VALUES (20, 14)
GO

SET IDENTITY_INSERT [dbo].[skill] ON
GO

INSERT [dbo].[skill] ([Id], [Name], [Description]) VALUES (1, N'Acrobatics', NULL)
GO

INSERT [dbo].[skill] ([Id], [Name], [Description]) VALUES (2, N'Animal Handling', NULL)
GO

INSERT [dbo].[skill] ([Id], [Name], [Description]) VALUES (3, N'Arcana', NULL)
GO

INSERT [dbo].[skill] ([Id], [Name], [Description]) VALUES (4, N'Athletics', NULL)
GO

INSERT [dbo].[skill] ([Id], [Name], [Description]) VALUES (5, N'Deception', NULL)
GO

INSERT [dbo].[skill] ([Id], [Name], [Description]) VALUES (6, N'History', NULL)
GO

INSERT [dbo].[skill] ([Id], [Name], [Description]) VALUES (7, N'Insight', NULL)
GO

INSERT [dbo].[skill] ([Id], [Name], [Description]) VALUES (8, N'Intimidation', NULL)
GO

INSERT [dbo].[skill] ([Id], [Name], [Description]) VALUES (9, N'Medicine', NULL)
GO

INSERT [dbo].[skill] ([Id], [Name], [Description]) VALUES (10, N'Nature', NULL)
GO

INSERT [dbo].[skill] ([Id], [Name], [Description]) VALUES (11, N'Perception', NULL)
GO

INSERT [dbo].[skill] ([Id], [Name], [Description]) VALUES (12, N'Performance', NULL)
GO

INSERT [dbo].[skill] ([Id], [Name], [Description]) VALUES (13, N'Persuasion', NULL)
GO

INSERT [dbo].[skill] ([Id], [Name], [Description]) VALUES (14, N'Religion', NULL)
GO

INSERT [dbo].[skill] ([Id], [Name], [Description]) VALUES (15, N'Sleight of Hand', NULL)
GO

INSERT [dbo].[skill] ([Id], [Name], [Description]) VALUES (16, N'Stealth', NULL)
GO

INSERT [dbo].[skill] ([Id], [Name], [Description]) VALUES (17, N'Survival', NULL)
GO

SET IDENTITY_INSERT [dbo].[skill] OFF
GO

SET IDENTITY_INSERT [dbo].[spells] ON
GO

INSERT [dbo].[spells] ([Id], [Name], [castingTime], [Duration], [Range], [Description]) VALUES (1, N'Absorb Elements', 1, 1, 0, N'The spell captures some of the incoming energy, lessening its effect on you and storing it for your next melee attack. You have resistance to the triggering damage type until the start of your next turn. Also, the first time you hit with a melee attack on your next turn, the target takes an extra 1d6 damage of the triggering type, and the spell ends.')
GO

INSERT [dbo].[spells] ([Id], [Name], [castingTime], [Duration], [Range], [Description]) VALUES (2, N'Alarm', 1, 8, 30, N'You set an alarm against unwanted intrusion. Choose a door, a window, or an area within range that is no larger than a 20-foot cube. Until the spell ends, an alarm alerts you whenever a Tiny or larger creature touches or enters the warded area. When you cast the spell, you can designate creatures that won''t set off the alarm. You also choose whether the alarm is mental or audible.')
GO

INSERT [dbo].[spells] ([Id], [Name], [castingTime], [Duration], [Range], [Description]) VALUES (3, N'Animal Friendship', 1, 24, 30, N'This spell lets you convince a beast that you mean it no harm. Choose a beast that you can see within range. It must see and hear you. ')
GO

INSERT [dbo].[spells] ([Id], [Name], [castingTime], [Duration], [Range], [Description]) VALUES (4, N'Bane', 1, 1, 30, N'Up to three creatures of your choice that you can see within range must make Charisma saving throws. ')
GO

INSERT [dbo].[spells] ([Id], [Name], [castingTime], [Duration], [Range], [Description]) VALUES (5, N'Beast Bond', 1, 10, 0, N'You establish a telepathic link with one beast you touch that is friendly to you or charmed by you.')
GO

INSERT [dbo].[spells] ([Id], [Name], [castingTime], [Duration], [Range], [Description]) VALUES (6, N'Bless', 1, 1, 30, N'You bless up to three creatures of your choice within range.')
GO

INSERT [dbo].[spells] ([Id], [Name], [castingTime], [Duration], [Range], [Description]) VALUES (7, N'Catapult', 1, 0, 60, N'Choose one object weighing 1 to 5 pounds within range that isn’t being worn or carried. ')
GO

INSERT [dbo].[spells] ([Id], [Name], [castingTime], [Duration], [Range], [Description]) VALUES (8, N'Disguise Self', 1, 1, 0, N'You make yourself--including your clothing, armor, weapons, and other belongings on your person--look different until the spell ends or until you use your action to dismiss it.')
GO

INSERT [dbo].[spells] ([Id], [Name], [castingTime], [Duration], [Range], [Description]) VALUES (9, N'Earth Tremor', 1, 0, 10, N'You cause a tremor in the ground within range. Each creature other than you in that area must make a Dexterity saving throw.')
GO

INSERT [dbo].[spells] ([Id], [Name], [castingTime], [Duration], [Range], [Description]) VALUES (10, N'Floating Disk', 1, 1, 30, N'This spell creates a circular, horizontal plane of force, 3 feet in diameter and 1 inch thick, that floats 3 feet above the ground in an unoccupied space of your choice that you can see within range.')
GO

INSERT [dbo].[spells] ([Id], [Name], [castingTime], [Duration], [Range], [Description]) VALUES (11, N'Guiding Bolt', 1, 1, 120, N'A flash of light streaks toward a creature of your choice within range. Make a ranged spell attack against the target.')
GO

INSERT [dbo].[spells] ([Id], [Name], [castingTime], [Duration], [Range], [Description]) VALUES (12, N'Ice Knife', 1, 0, 60, N'You create a shard of ice and fling it at one creature within range.')
GO

INSERT [dbo].[spells] ([Id], [Name], [castingTime], [Duration], [Range], [Description]) VALUES (13, N'Magic Missle', 1, 0, 120, N'You create three glowing darts of magical force. Each dart hits a creature of your choice that you can see within range.')
GO

INSERT [dbo].[spells] ([Id], [Name], [castingTime], [Duration], [Range], [Description]) VALUES (14, N'Sanctuary', 1, 1, 30, N'You ward a creature within range against attack. Until the spell ends, any creature who targets the warded creature with an attack or a harmful spell must first make a Wisdom saving throw. On a failed save, the creature must choose a new target or lose the attack or spell. ')
GO

INSERT [dbo].[spells] ([Id], [Name], [castingTime], [Duration], [Range], [Description]) VALUES (15, N'
Sleep', 1, 1, 90, N'his spell sends creatures into a magical slumber. ')
GO

INSERT [dbo].[spells] ([Id], [Name], [castingTime], [Duration], [Range], [Description]) VALUES (16, N'Thunderwave', 1, 0, 0, N'A wave of thunderous force sweeps out from you. Each creature in a 15-foot cube originating from you must make a Constitution saving throw.')
GO

SET IDENTITY_INSERT [dbo].[spells] OFF
GO
